customer_id,full_name,email_address,phone,city,signup_date
1,John Doe,john.doe@example.com,555-1234,New York,2023-01-15
2,Jane Smith,JANE.SMITH@EXAMPLE.COM,(555) 567-8901,Los Angeles,2023-02-20
3,Mikey Jones,mikey@example,N/A,Chicago,2023-03-10
4,JOHN DOE,john.doe@example.com,5551234,NYC,2023-01-18
5,Rita Morales,rita.morales@gmail.com,(935) 413-8187,Las Vegas,2024-01-06
6,Andrew Jackson,ANDREW.JACKSON@YAHOO.COM,523-388-8261,Tulsa,2022-09-24
7,Jose Mason,JOSE.MASON@GMAIL.COM,9626285368,Atlanta,2023-07-23
8,Vincent Adams,vincent@gilbert-vaughan.net,474-427-9438,Omaha,2025-03-31
9,Brandon Miller,jasonmills@example.com,,Nashv,2022-08-17
10,William Baker,william@rollins.net,,Atlanta,2024-08-29
11,Jason Benton,jason.benton@yahoo.com,6149428480,Detroit,2023-02-10
12,Lauren Newton,lauren_newton@hotmail.com,6675699688,Washington,2022-08-19
13,Joyce Phillips,jphillips@gmail.com,438-996-0633,San Jose,2022-06-28
14,Gary Ponce,GARY.PONCE@YAHOO.COM,1-420-322-9026,Phoenix,2022-05-18
15,hannah davis,HANNAH.DAVIS@GMAIL.COM,388-038-6386,Los Angeles,2025-01-15
16,Nathan Brooks,not_an_email,(507) 524-6698,Charlotte,2024-05-10
17,James Velasquez,james62@davisbenjamin@example.net,(730) 645-4003,MD,2024-12-29
18,Elizabeth Sweeney,elizabeth.sweeney@hotmail.com,6695758151,Dallas,2025-02-09
19,Amanda Smith,amanda67@shawna96@example.net,4758611477,Arlington,2024-01-13
20,robert sellers,ROBERT.SELLERS@GMAIL.COM,403-591-0533,Tampa,2024-04-02
21,Raymond Sloan,raymond_sloan@yahoo.com,757-723-1098,Baltimore,2023-07-24
22,Hector Green,hector_green@yahoo.com,N/A,San Diego,2023-09-30
23,Christian Gutierrez,christian@smith.info,1-714-836-8972,Long Beach,2023-07-17
24,Teresa Henderson,thenderson@yahoo.com,1-531-336-8873,Philadelphia,2023-12-08
25,Richard Reynolds,richard31@ismith@example.org,1-543-749-3592,Raleigh,2024-08-29
26,Bethany Simon,bethany@myers-carter.com,1-316-563-8646,Indianapolis,2022-11-15
27,Leslie Malone,leslie55@lauralove@example.org,8098374908,Columbus,2024-12-18
28,Joel Jacobs,joel_jacobs21@gmail.com,6258175154,Raleigh,2022-05-24
29,Crystal Figueroa,cfigueroa@yahoo.com,292-375-8606,Detroit,2025-01-13
30,KEVIN CARLSON,kevin@stone-avery.com,082-488-5129,Denver,2024-05-13
31,Robert Bass,robert@kelley-townsend.org,721-446-3431,Columbus,2023-03-22
32,Tracy Harris,tracy72@robertrodriguez@example.net,1-396-846-6478,Portland,2023-11-16
33,John Ingram,john@scott-cox.com,8922635979,Fresno,2024-05-28
34,Sonia Roberts,sroberts@yahoo.com,9968914943,,2022-11-01
35,Samuel Smith,ssmith@gmail.com,N/A,Los Angeles,2024-03-17
36,Ronald Tucker,not_an_email,(453) 510-8972,Baltimore,2023-04-24
37,Nancy Salas,nancy_salas22@gmail.com,1-443-863-2171,Kansas City,2022-08-22
38,Jeffrey Jones,JEFFREY.JONES@HOTMAIL.COM,(805) 744-1761,San Jose,2024-09-08
39,John Murray,john.murray@gmail.com,1-721-418-3147,Theodorestad,2024-10-03
40,Brenda Wiggins,brenda@morales-smith.com,1-952-668-4608,,2024-12-31
41,Carmen Ramos,lambdavid@example.net,106-638-6626,Austin,2025-01-11
42,Marcus Braun,marcus46@ekey@example.net,665-356-1700,Tampa,2023-03-07
43,Michael Harper,snelson@example.com,374-097-3759,Tucson,2025-04-12
44,MARC CURTIS,mcurtis@gmail.com,678-376-8870,Los Angeles,2022-12-19
45,Megan Lopez,mlopez@yahoo.com,8284206010,New York,2024-12-09
46,John Mcdonald,john24@pamela73@example.com,5554292147,Virginia Beach,2025-05-09
47,Mary Quinn,MARY.QUINN@GMAIL.COM,1-508-807-1293,MH,2024-09-27
48,Laura Ramirez,laura20@wosborne@example.net,9315775191,Oakland,2022-06-26
49,Alexis Weber,aweber@gmail.com,9099865184,Boston,2025-03-19
50,morgan jackson,copelandpeter@example.net,4317742468,Detroit,2022-06-17
51,Michael Farrell,patrickjohnson@example.com,(993) 373-4891,Chicago,2024-06-19
52,Jacob Olsen,jacob92@stephenwilliams@example.net,7705546084,Mesa,2025-04-27
53,Jeremy Little,jlittle@hotmail.com,951-484-8699,Virginia Beach,2024-11-07
54,MR. ALEXANDER ANDERSON,mr..anderson@yahoo.com,521-927-3122,Atlanta,2024-11-09
55,DANIEL BRADSHAW,maynardheather@example.com,(979) 938-1682,Arlington,2022-09-18
56,Jonathan Carrillo,jonathan_carrillo23@hotmail.com,3664642085,Chicago,2024-08-05
57,NICHOLAS WALTERS,nicholas10@phoward@example.com,469-895-4334,,2024-11-25
58,Gary Brown,gbrown@gmail.com,,,2022-09-19
59,Terry Grimes,terry.grimes@yahoo.com,842-696-4902,San Jose,2023-07-14
60,Terri Nelson,terri_nelson41@gmail.com,(996) 851-4633,New Orleans,2022-12-10
61,Megan Stevenson,megan62@aliciajimenez@example.net,9628154117,Portland,2024-01-17
62,Karen Miller,kmiller@hotmail.com,2376523974,Arlington,2022-12-05
63,Sharon Walker,swalker@yahoo.com,694-754-0772,Miami,2024-07-27
64,Stephanie Parrish,stephanie.parrish@gmail.com,9643685710,Baltimore,2022-06-23
65,JESSICA YORK,jessica.york@gmail.com,(484) 611-5594,El Paso,2024-12-02
66,Albert Hernandez,ALBERT.HERNANDEZ@YAHOO.COM,(273) 967-8517,Los Angeles,2023-04-11
67,Dr. Richard Wong Jr.,dr..jr.@hotmail.com,(211) 789-9059,Austin,2023-08-29
68,Timothy Martinez,tmartinez@gmail.com,8796024461,Sacramento,2022-07-12
69,Deanna Roach,deanna@jacobson.com,1-460-877-9333,Philadelphia,2024-04-05
70,Breanna Erickson,BREANNA.ERICKSON@YAHOO.COM,(819) 936-9628,Columbus,2025-03-31
71,Jordan Hall,jordan.hall@hotmail.com,,Oakland,2024-06-18
72,TIFFANY GOMEZ,tiffany_gomez26@hotmail.com,1-286-586-7215,Indianapolis,2024-06-25
73,John Bailey,jbailey@hotmail.com,624-856-1267,Columbus,2023-12-07
74,GEORGE ANDERSON,ganderson@hotmail.com,,Tampa,2023-11-12
75,Ann Leonard,ann_leonard3@yahoo.com,716-899-9527,Louisville,2025-03-14
76,Anna Herring,aweber@gmail.com,213-964-9768,Raleigh,2023-06-08
77,Dr. Mary Garcia MD,dmd@hotmail.com,(551) 340-8689,Fresno,2022-10-28
78,Danielle Conley,danielle92@blackrichard@example.com,,Fort Worth,2023-02-27
79,Natasha Jones,NATASHA.JONES@YAHOO.COM,603-122-3362,Columbus,2023-07-25
80,edward cox,EDWARD.COX@HOTMAIL.COM,822-272-7024,Columbus,2025-04-04
81,Vanessa Kelly,uwilliams@example.net,(580) 593-6201,Oakland,2022-09-03
82,Troy Bowen,troy_bowen29@yahoo.com,8087816435,Memphis,2022-06-09
83,john french,montoyacharles@example.net,(322) 563-2703,Charlotte,2024-08-18
84,Jamie Smith,jsmith@yahoo.com,(939) 518-4047,Oakland,2023-11-07
85,Kelly Lawson,stephanie.parrish@gmail.com,221-079-7710,Carmenhaven,2024-07-01
86,Michael Allison DVM,michael.dvm@hotmail.com,,Tampa,2025-01-26
87,Amber Woods,awoods@gmail.com,(419) 885-1483,El Paso,2023-10-03
88,JULIE BROCK,julie.brock@hotmail.com,927-375-1496,Mesa,2023-04-07
89,Daniel Hunter,daniel22@kennethrogers@example.net,6656329149,Indianapolis,2023-07-23
90,Christopher Green,cgreen@yahoo.com,(277) 201-2422,Omaha,2022-10-16
91,Johnny Ellis,johnny@edwards.com,1-304-486-4378,Boston,2022-08-25
92,Leah Thomas,LEAH.THOMAS@YAHOO.COM,815-367-7240,Columbus,2024-09-16
93,Madison Williamson,madison@ramirez.com,1-748-964-6738,Mesa,2022-11-24
94,Phillip Oneill,phillip@ray.com,3062996071,Fort Worth,2024-07-05
95,ROBERT GOODMAN,elizabeth.sweeney@hotmail.com,3652325953,Austin,2022-09-26
96,johnny poole,sarah24@example.com,1-593-673-5831,Colorado Springs,2025-04-19
97,Victoria Walker,not_an_email,2007629760,WV,2025-01-09
98,Ryan Duran,ryan54@ojacobs@example.com,(989) 572-4552,Long Beach,2023-03-20
99,Kaitlyn Ray,kaitlyn@stevens-soto.com,(773) 486-1087,Baltimore,2022-12-19
100,Melissa Ellis,MELISSA.ELLIS@YAHOO.COM,(504) 739-3861,Jacksonville,2024-05-24
101,Jeffrey Jimenez,jeffrey39@amysmith@example.com,8076524904,Omaha,2023-02-12
102,Zachary Curry,ZACHARY.CURRY@HOTMAIL.COM,N/A,Miami,2024-07-06
103,Eric Moreno,eric.moreno@yahoo.com,987-669-5835,Austin,2023-01-04
104,Maria Davis,jphillips@gmail.com,(951) 224-2248,Dallas,2022-09-16
105,Bradley Clark,bradley.clark,1-252-473-4403,New York,2024-04-11
106,Janice Maxwell,janice.maxwell@gmail.com,7869141006,New York,2022-10-27
107,Heather Barker,heather82@breyes@example.com,(469) 471-7321,Philadelphia,2023-03-11
108,Patricia Roberson,patricia@horton-williams.info,325-624-5397,Fresno,2024-09-06
109,Luis Brady,luis48@sara48@example.org,(779) 808-3830,Detroit,2023-01-01
110,ASHLEY LAWSON,ASHLEY.LAWSON@HOTMAIL.COM,N/A,Omaha,2023-04-13
111,CARL MCNEIL,carl.mcneil@gmail.com,1-312-964-2655,Fresno,2023-07-15
112,Jessica Larson,JESSICA.LARSON@GMAIL.COM,1-342-829-2822,Milwaukee,2025-01-10
113,Sarah Matthews,smatthews@yahoo.com,712-649-3601,,2023-05-14
114,Lori Hodges,lori@lee.org,,Milwaukee,2022-12-13
115,Angela Young,angela@potter.com,1-787-201-5934,Dallas,2024-11-06
116,SEAN GILLESPIE,mike54@example.com,1-555-997-6987,Tulsa,2024-07-06
117,Sarah Gonzalez,sarah_gonzalez@yahoo.com,9103529085,Long Beach,2023-11-05
118,Anthony Wilson,anthony@garcia.com,(710) 515-4570,Phoenix,2023-04-11
119,Robert Saunders,robert37@mcdonaldnicole@example.net,(625) 584-9745,Portland,2023-09-17
120,Kimberly Chan,not_an_email,862-831-1371,Louisville,2023-05-31
121,Shawn Baker,shawn48@jennifer62@example.net,5134353894,Columbus,2024-11-15
122,Michele Marsh,michele_marsh44@gmail.com,1-392-626-4766,Philadelphia,2023-02-19
123,Jessica Higgins,gutierrezerin@example.net,1-634-560-1947,Milwaukee,2023-01-19
124,Maria Wallace,farmerkelsey@example.org,4698388835,El Paso,2024-05-09
125,jennifer greer,bradfordlori@example.com,927-292-2510,Tampa,2023-09-06
126,JENNIFER MOORE,jennifer_moore@yahoo.com,468-206-9552,Austin,2022-09-12
127,PETER JONES,peter.jones@gmail.com,1-823-623-6601,Louisville,2024-10-15
128,allen rowland,allen74@kochwhitney@example.org,(742) 546-9676,Dallas,2022-12-27
129,Madison Harris,madison.harris@yahoo.com,8216297522,Charlotte,2023-01-20
130,Kristina Frederick,calvin33@example.com,999-653-1263,Albuquerque,2023-09-22
131,WALTER TAYLOR,ANDREW.JACKSON@YAHOO.COM,(780) 853-8398,Kansas City,2023-05-04
132,michelle ward,sharon48@example.org,131-864-3365,Washington,2024-11-10
133,Daniel Roach,daniel.roach@yahoo.com,371-048-8760,Mesa,2022-05-21
134,KIMBERLY YOUNG,wturner@example.com,482-384-5577,New York,2024-09-19
135,Sabrina Ward,sabrina.ward@yahoo.com,(312) 832-6760,Oklahoma City,2024-08-28
136,Amy Harmon,amy@hart.org,253-270-1293,Jacksonville,2022-05-27
137,Stephen Randolph,stephen.randolph,(336) 212-3148,Las Vegas,2023-01-07
138,Michael Cole,michael22@agilmore@example.com,2123545748,Detroit,2023-04-07
139,michael clark,mclark@gmail.com,405-543-1663,San Diego,2023-01-20
140,MARY HARDIN,mary.hardin@hotmail.com,N/A,Tulsa,2023-12-12
141,David Johnson,david@michael-walsh.com,6807067554,Indianapolis,2024-07-04
142,Taylor Moore,taylor@reyes.com,1-713-786-4937,Denver,2025-03-10
143,James Haynes,james.haynes@gmail.com,122-524-8042,Washington,2023-04-10
144,Tamml Johnson,LEAH.THOMAS@YAHOO.COM,1-441-272-9517,Colorado Springs,2023-05-02
145,Jeremy Johnson,jeremy.johnson@gmail.com,2532446728,Portland,2024-01-17
146,William Spence,WILLIAM.SPENCE@GMAIL.COM,(770) 702-3247,SC,2024-12-31
147,Michael Johnston,MICHAEL.JOHNSTON@HOTMAIL.COM,1-447-515-8651,Sacramento,2022-08-14
148,Ashley Howard,ASHLEY.HOWARD@GMAIL.COM,912-167-0995,Portland,2025-05-05
149,Robert Brown,ROBERT.BROWN@HOTMAIL.COM,5855855314,Detroit,2023-06-16
150,Allen Rodriguez,allen_rodriguez@gmail.com,4458017824,Mesa,2025-01-21
151,Michelle Walker,michelle_walker38@yahoo.com,1-462-566-3802,Memphis,2024-03-18
152,Sara Reed,sara_reed@hotmail.com,775-520-7176,Milwaukee,2024-08-29
153,Renee Conner,rconner@yahoo.com,,Phoenix,2023-01-23
154,brandon kemp,bkemp@yahoo.com,1-730-272-6210,Atlanta,2024-10-15
155,Tara Golden,ANDREW.JACKSON@YAHOO.COM,(949) 333-2031,Port Adam,2024-08-13
156,Kathleen Jones,kathleen.jones,5844481280,Raleigh,2022-12-01
157,Kayla Rodriguez,krodriguez@hotmail.com,114-874-1909,Mesa,2022-11-05
158,eric smith,eric59@qgarcia@example.org,1-546-678-8324,Raleigh,2025-01-13
159,Mrs. Brittany Smith,LEAH.THOMAS@YAHOO.COM,394-493-5115,Chicago,2022-11-30
160,Matthew Smith,richard31@ismith@example.org,(548) 981-3994,Jodiland,2024-07-02
161,James Ramirez,james@hester.com,1-804-647-5460,San Antonio,2024-11-22
162,Shannon Lynch,shannon20@johnsonmatthew@example.net,4117974914,Charlotte,2024-01-04
163,Jacqueline King,jacqueline98@david07@example.com,,North Nicole,2023-01-21
164,Joseph Woodard,joseph@sanders-wright.com,(655) 238-1177,Chicago,2024-10-30
165,FRANK ROACH,frank_roach@gmail.com,1-769-557-6285,Houston,2023-05-27
166,Janet Lewis,janet84@gwright@example.com,9602816575,Tampa,2025-02-04
167,jon turner,jon.turner@gmail.com,520-006-9805,Tulsa,2024-04-04
168,Victoria Kirk,victoria@wright.com,,Oklahoma City,2024-10-21
169,Charles Ruiz,charles_ruiz39@gmail.com,,Boston,2022-07-25
170,Larry Snyder,LARRY.SNYDER@GMAIL.COM,(219) 218-4691,Sacramento,2024-05-14
171,Christopher Foley,sarahbishop@example.net,1-623-302-9034,Columbus,2023-07-18
172,Samantha Robinson,srobinson@yahoo.com,776-371-5396,Atlanta,2023-11-18
173,RYAN WARD,ryan@thompson.org,7748254942,Indianapolis,2024-05-08
174,Joshua Poole,jpoole@yahoo.com,1-761-535-3932,Tampa,2025-02-20
175,Maria Thomas,maria92@codyschroeder@example.com,077-285-6955,Sacramento,2023-04-14
176,Carol Garcia,madison@ramirez.com,8876485172,Long Beach,2023-06-22
177,todd hooper,TODD.HOOPER@HOTMAIL.COM,(206) 363-1355,Charlotte,2023-09-05
178,Cynthia Schwartz,CYNTHIA.SCHWARTZ@HOTMAIL.COM,1-670-929-6837,Detroit,2023-02-19
179,Brian Brown,brian.brown@gmail.com,(330) 254-2883,Washin,2022-08-10
180,Christopher Garcia,christopher_garcia36@gmail.com,1-233-687-7142,,2023-06-06
181,DEVIN MEADOWS,devin.meadows@gmail.com,,Detroit,2023-08-24
182,Lindsey Owens,lindsey.owens@gmail.com,2589507148,Tampa,2023-10-09
183,Erin Murphy,emurphy@hotmail.com,(328) 301-7086,Louisville,2023-12-02
184,Patricia Craig,pcraig@yahoo.com,3429558532,Oklahoma City,2023-02-09
185,Courtney Roberson,brittany29@example.org,(925) 235-2440,Raleigh,2023-02-24
186,Katrina Sullivan,katrina12@katherine44@example.org,1-973-507-7791,San Antonio,2023-10-17
187,Daniel Bryant PhD,stephanie70@example.com,621-751-2618,Denver,2023-06-01
188,Allison Spencer,allison45@timothy63@example.org,611-107-9731,Detroit,2023-03-18
189,Kristina Gonzalez,kristina69@greese@example.com,(249) 693-1876,Boston,2022-06-28
190,BRADY PALMER,bpalmer@gmail.com,2726934827,Omaha,2022-09-11
191,Chad Hernandez,bretthenry@example.net,1-312-609-8069,Atlanta,2024-04-10
192,James Reeves,james.reeves@hotmail.com,1-830-513-2535,Omaha,2022-08-19
193,Diana Johnson,diana.johnson@gmail.com,1-742-918-7330,Arlington,2024-01-24
194,JESSICA DAWSON,JESSICA.DAWSON@GMAIL.COM,(748) 907-7853,New York,2025-04-11
195,linda stanley,lstanley@gmail.com,154-313-9487,Columbus,2024-12-08
196,Carol Lowe,ballkimberly@example.org,8805733559,Kansas City,2022-05-26
197,james michael,not_an_email,3714318712,New Orleans,2025-01-18
198,Destiny Wyatt,destiny_wyatt11@gmail.com,450-008-9821,Nashville,2024-11-29
199,Richard Davis,rconner@yahoo.com,236-632-3144,San Diego,2024-04-20
200,Brian Scott,brian@perkins-gibson.com,8994408544,Indianapolis,2024-12-30
201,James Johnson,christian@smith.info,1-214-515-7575,Denver,2025-04-21
202,Ronald Jones,RONALD.JONES@YAHOO.COM,3744381129,Long Beach,2025-04-30
203,Kevin Daniel,kevin.daniel,1-982-316-3354,San Antonio,2025-03-23
204,marc barnes,marc_barnes21@hotmail.com,165-940-8659,Arlington,2024-11-03
205,William Scott,rachelanderson@example.net,(698) 574-4700,Aguilarville,2025-03-09
206,Sonya Johnson,sonya@anderson-clark.com,(987) 498-7970,Fort Worth,2024-09-21
207,Crystal Pham,crystal@lewis.com,405-270-7332,New Orleans,2023-11-07
208,Troy Floyd,troy@payne.com,2142607845,AK,2023-11-30
209,Charles Walker,charles53@allison03@example.net,5779813965,Arlington,2025-02-25
210,Joshua Martin,joshua@walter.com,276-172-9238,Lake Cynthia,2023-10-27
211,Glenn Bridges PhD,glenn.phd@gmail.com,(849) 769-4290,San Jose,2022-12-21
212,Paige Perez,PAIGE.PEREZ@YAHOO.COM,436-177-2587,Albuquerque,2024-04-06
213,Stephen Young,stephen.young@hotmail.com,565-658-3705,Tucson,2024-01-20
214,Keith Barrett,jenniferobrien@example.net,067-426-3151,Los Angeles,2022-12-23
215,Gregory Lopez,gregory.lopez@gmail.com,1-871-528-9646,Washington,2024-12-17
216,Kenneth Mckee,kenneth47@paul47@example.net,1-952-358-4073,Seattle,2024-05-23
217,Laura Walter,laura.walter@gmail.com,7932564889,Detroit,2023-10-06
218,Dale Mendoza,dale18@tbrown@example.com,(929) 510-8705,Portland,2023-04-27
219,Thomas Diaz,jeanswanson@example.com,,Los Angeles,2025-01-03
220,Hector Williams,HECTOR.WILLIAMS@HOTMAIL.COM,9749701227,Tucson,2024-01-09
221,Morgan Freeman DVM,mdvm@yahoo.com,(416) 723-7813,Virginia Beach,2023-03-13
222,Abigail Ramirez,ABIGAIL.RAMIREZ@HOTMAIL.COM,1-416-727-3965,Fresno,2024-02-23
223,Jonathan Bishop,lambdavid@example.net,N/A,Arlington,2023-02-05
224,Jon Powell,jon.powell@yahoo.com,399-191-8342,Detroit,2023-08-17
225,Alexander Kerr,alexander.kerr@gmail.com,(212) 576-4113,El Paso,2023-10-17
226,James Harper,james_harper@gmail.com,2965408759,Sacramento,2024-06-26
227,Amy Davis,amy@weber-hogan.com,(662) 316-2451,Austin,2023-08-28
228,Gregory Sanchez,gregory_sanchez14@gmail.com,7783148051,Portland,2024-03-14
229,Tracey Perry,davidsonsherry@example.com,4275989396,Tulsa,2024-05-11
230,Michael Mercer,michael@meyers.org,755-738-7666,Baltimore,2024-05-25
231,Jeffrey Miller,not_an_email,1-252-469-4386,,2024-07-16
232,Mark Ramos,mark@mckay.info,4488266732,FL,2023-01-18
233,Jacqueline Benton,jbenton@gmail.com,(947) 206-7831,Raleigh,2023-07-13
234,G. Thomas,stephen.young@hotmail.com,1-501-918-6781,Las Vegas,2024-12-02
235,Matthew Randolph,mrandolph@yahoo.com,465-734-0334,Baltimore,2024-10-26
236,Lori Howard,LORI.HOWARD@GMAIL.COM,(785) 788-2283,San Jose,2022-10-05
237,Juan Gomez,katrina82@example.net,7249498032,Detroit,2023-06-28
238,Shane Washington,shane_washington23@gmail.com,(757) 285-9867,Dallas,2025-03-24
239,Kelly Rivera,kelly65@vnelson@example.org,1-361-666-1735,Memphis,2024-11-05
240,Joan Jenkins,jjenkins@hotmail.com,(605) 730-1616,Tucson,2025-03-19
241,Jessica Walker,jessica63@vwalker@example.com,9086154017,San Francisco,2022-09-24
242,Ruth Tran,RUTH.TRAN@YAHOO.COM,(618) 692-8447,Tampa,2022-12-01
243,Ashley Maddox,ASHLEY.MADDOX@HOTMAIL.COM,1-606-633-6767,Arlington,2023-03-24
244,Michael Everett,michael11@davidvaldez@example.com,(212) 330-5815,Phoenix,2025-01-21
245,Kristina Martinez,twoods@example.com,258-849-5027,Kansas City,2023-01-28
246,Jennifer Camacho,jennifer.camacho@hotmail.com,5944258185,Tulsa,2024-10-13
247,jasmine evans,jasmine_evans@yahoo.com,278-276-2060,Houston,2023-08-18
248,james callahan,lhorton@example.net,1-985-865-4174,Milwaukee,2022-12-22
249,DESTINY JONES,djones@yahoo.com,071-687-4680,El Paso,2025-01-13
250,Steven Shaw,STEVEN.SHAW@HOTMAIL.COM,(876) 638-7038,Boston,2023-03-07
251,jesse garner,jgarner@hotmail.com,1-839-567-5580,,2023-01-20
252,James Clarke,jclarke@hotmail.com,1-783-682-6888,Boston,2024-02-28
253,Michael Robertson,johnsoncatherine@example.org,(891) 696-3741,SD,2023-08-21
254,William Marshall,william17@brookepetty@example.net,220-775-7473,Albuquerque,2024-10-16
255,robert terry,ROBERT.TERRY@YAHOO.COM,(568) 558-8033,Los Angeles,2024-02-21
256,Carol Boyd,carol70@josephjohnson@example.net,333-359-8059,Tucson,2022-05-25
257,Carrie Williams,boydhannah@example.org,(626) 252-2696,New Mary,2024-01-27
258,christina tran,CHRISTINA.TRAN@GMAIL.COM,579-386-1216,Tampa,2024-09-28
259,MANDY REYNOLDS,mreynolds@gmail.com,4454131669,Fresno,2024-12-11
260,M. Cooper,raymond_sloan@yahoo.com,724-623-1116,Seattle,2025-02-14
261,Jeremy Cook,jeremy_cook38@yahoo.com,401-112-3545,Arlington,2025-04-06
262,Eric Vaughn,evaughn@yahoo.com,1-710-548-6912,Boston,2022-10-18
263,AMY REID,amy.reid,3748664877,New York,2023-10-28
264,MEGAN MONROE,megan62@aliciajimenez@example.net,1-487-571-2398,Portland,2024-02-15
265,Matthew Sanders,matthew.sanders@gmail.com,9085622973,Atlanta,2022-08-28
266,Jason Parsons,matthew52@example.com,1-849-334-4132,Sacramento,2023-02-11
267,Xavier Pittman,xpittman@yahoo.com,615-108-2911,Austin,2024-04-14
268,John Wright,john_wright2@hotmail.com,(591) 941-5799,Detroit,2023-10-20
269,Alam Hall,JESSICA.LARSON@GMAIL.COM,1-398-777-9867,Columbus,2024-04-09
270,Kimberly Clarke,kimberly@mendez.net,1-322-804-6827,Baltimore,2022-08-03
271,Frank Luna,frank@terry.com,(288) 723-2364,San Jose,2023-02-11
272,Richard Robertson,RICHARD.ROBERTSON@HOTMAIL.COM,8764303603,Fresno,2022-08-12
273,jay murphy,jay_murphy16@gmail.com,2613627095,Tucson,2023-07-10
274,Debra Rogers,dlawson@example.com,1-508-978-6005,Milwaukee,2024-05-30
275,Ryan Grant,rgrant@hotmail.com,542-174-8487,Fort Worth,2024-10-20
276,Samantha Anderson MD,daniel09@example.net,729-542-2296,San Jose,2024-09-18
277,Tonya Dawson,tonya.dawson@hotmail.com,N/A,Baltimore,2022-08-09
278,Julia Thompson,julia.thompson@gmail.com,(384) 616-3656,San Francisco,2025-05-07
279,William Hoffman,william.hoffman,(899) 701-8800,Washington,2025-03-14
280,Jennifer Burns,turnervicki@example.com,912-525-9391,Oakland,2024-06-10
281,Lisa Davis,lisa.davis@gmail.com,(373) 909-9237,Phoenix,2025-05-09
282,Christine Ortiz,christine@brewer-richards.com,(846) 346-1295,Tulsa,2023-09-13
283,N. Miller,mlopez@yahoo.com,482-766-8889,Minneapolis,2024-10-09
284,michael ingram,michael@ward.org,(268) 682-3397,Leestad,2025-03-18
285,Randall Mcdaniel,randall23@rojaskevin@example.com,(980) 235-4816,Seattle,2023-07-27
286,veronica reeves,christopher34@example.net,1-875-649-4881,Miami,2024-07-28
287,donna roberts,donna.roberts@gmail.com,N/A,New York,2023-07-30
288,Thomas Martinez,thomas_martinez50@gmail.com,(563) 738-2170,Howardport,2025-01-11
289,Jeremy Meza,JEREMY.MEZA@YAHOO.COM,035-268-7384,Denver,2022-12-24
290,Michelle Gutierrez,michelle@rojas.com,N/A,Arlington,2024-09-17
291,Julie Williamson,julie73@fbennett@example.org,383-662-8156,Virginia Beach,2024-12-18
292,ELIZABETH HOFFMAN,james62@davisbenjamin@example.net,7833743665,Virginia Beach,2023-06-02
293,Mr. Edward Garrett,mr.@becker.com,(331) 667-4917,Oklahoma City,2023-07-29
294,Joshua Cox,alejandraavery@example.net,1-520-895-7517,Portland,2023-09-03
295,Brenda Medina,BRENDA.MEDINA@GMAIL.COM,4479365180,Philadelphia,2024-02-10
296,Alexandria Moore,amoore@gmail.com,,Portland,2022-12-07
297,Jessica Andrews,ecooper@example.org,(643) 544-2020,Kansas,2023-05-12
298,Kenneth Morrison,kenneth.morrison@gmail.com,4569917795,Kansas City,2024-12-20
299,David Humphrey,david.humphrey@yahoo.com,1-258-714-3342,Fort Worth,2022-12-06
300,Dana Garcia,DANA.GARCIA@GMAIL.COM,(289) 544-8930,Mesa,2024-10-17
301,Nathaniel Luna,nluna@hotmail.com,104-968-5442,Miami,2024-07-09
302,Gregory Mendoza,not_an_email,1-339-847-4191,Albuquerque,2024-05-10
303,Rachael Briggs,rachael@delacruz.com,(692) 403-5793,Denver,2024-04-06
304,James Wade,james_wade50@yahoo.com,7458124877,Denv,2024-05-12
305,Taylor Adkins,taylor_adkins26@gmail.com,685-144-3916,New York,2024-04-30
306,Patriqia Scott,jlittle@hotmail.com,(454) 939-8472,Denv,2025-04-02
307,Michael Wilson,michael@phillips.org,1-444-220-8209,Chicago,2023-10-31
308,Laura Maldonado,LAURA.MALDONADO@GMAIL.COM,(788) 467-2183,Denver,2025-04-10
309,MITCHELL ANDERSON,MITCHELL.ANDERSON@HOTMAIL.COM,1-312-800-4371,Long Beach,2025-03-14
310,CRISTINA CUMMINGS,cristina@cooper.com,1-767-263-2795,,2024-06-21
311,Teresa Thompson,timothy79@example.com,7709516942,Cruzstad,2024-03-31
312,Steven Sanders Jr.,isaac84@example.org,9496806889,Phoenix,2024-08-04
313,Ashley Baker,ashley47@jensenashley@example.org,(357) 672-4264,Mesa,2024-07-27
314,Christy Maynard,christy.maynard@hotmail.com,N/A,Long Beach,2024-11-18
315,Jeffrey Snyder,jeffrey@lewis.com,1-562-422-1993,Las Vegas,2024-10-29
316,Colleen Wilcox,colleen99@brandonsmith@example.org,096-930-9057,Arlington,2024-06-12
317,Edward Smith,arnoldjeffrey@example.net,339-643-4951,Colorado Springs,2024-04-23
318,Jessica Reynolds,xhall@example.net,7012959426,Las Ve,2025-01-18
319,Sean Nguyen,sean@irwin.info,1-268-227-3685,Atlanta,2024-03-20
320,eric kennedy,eric60@kevinflores@example.net,(678) 444-4275,Milwaukee,2023-03-19
321,Matthew Stewart,mstewart@hotmail.com,(247) 619-6213,Tulsa,2025-04-15
322,Heather Smith,xholland@example.com,434-433-7133,Portland,2022-09-30
323,Rebekah Myers,rebekah.myers@gmail.com,1-962-877-8416,Houston,2022-12-10
324,cynthia berry,cynthia.berry@gmail.com,996-334-5802,Philadelphia,2022-06-04
325,Brian Brown,brian_brown9@hotmail.com,9726694726,Chicago,2023-11-08
326,Rodney Bell,jeffrey39@amysmith@example.com,(623) 390-9268,Fort Worth,2024-11-11
327,Andrea Pittman,davidgarcia@example.org,3716732905,Denver,2024-12-21
328,Melissa Gomez,melissa.gomez@yahoo.com,,,2022-09-15
329,Maureen Olson,MAUREEN.OLSON@HOTMAIL.COM,8597109704,New Orleans,2023-05-30
330,Eric Caldwell,sallyhughes@example.com,1-686-981-9954,Albuquerque,2022-11-22
331,debra barton,debra_barton8@gmail.com,1-988-745-9618,Columbus,2022-07-27
332,Barbara Robinson,BARBARA.ROBINSON@HOTMAIL.COM,(718) 453-3893,Jacksonville,2023-02-09
333,Laurie Mosley,lmosley@hotmail.com,1-723-866-9764,Seattle,2024-04-25
334,Amy Johnson,amy85@ydrake@example.com,,San Jose,2023-01-20
335,matthew williams,matthew.williams@gmail.com,(360) 403-8355,Minneapolis,2024-11-15
336,Sandra Wright,sandra82@simmonsjulia@example.net,443-081-6695,San Francisco,2023-12-11
337,Mark Small,mark.small@gmail.com,1-733-515-8087,Fort Worth,2022-05-31
338,kevin moran,kevin.moran@hotmail.com,1-926-303-2485,Tulsa,2025-01-08
339,Paul Chung,emurphy@hotmail.com,(915) 849-6185,Nashville,2023-03-13
340,Erin Moses,erin.moses@gmail.com,(927) 635-3613,Mesa,2023-09-09
341,Jenna Moss,jenna@jones.com,1-207-359-8575,San Diego,2022-07-12
342,ANNE BUTLER,anne38@vanessasanchez@example.net,583-949-6562,Tucson,2024-11-06
343,Lisa Mills,thomas42@example.com,(357) 755-6365,Sacramento,2023-02-03
344,Matthew Cook,MATTHEW.COOK@YAHOO.COM,(931) 853-3018,Houston,2024-04-24
345,Samuel English,brittney10@example.net,088-803-5754,San Jose,2024-04-26
346,Victor Molina,victor.molina@gmail.com,(739) 204-5261,Mesa,2025-03-07
347,mathew harris,mathew.harris@hotmail.com,1-703-856-8914,Charlotte,2025-02-25
348,Heather Harris,heather71@melissa83@example.org,362-814-5698,Dallas,2022-09-07
349,miguel meadows,miguel45@lorikidd@example.net,032-252-3567,Dallas,2023-09-19
350,Michael Brown,MICHAEL.BROWN@GMAIL.COM,(688) 464-1555,Virginia Beach,2023-01-17
351,jrime porter,james_wade50@yahoo.com,314-958-4365,San Antonio,2024-06-15
352,Gabriela Phillips,marissa48@example.org,8584784133,New Orleans,2023-10-17
353,brian reynolds jr.,nancy97@example.net,8273349172,Fort Worth,2023-11-03
354,TIMOTHY GARZA,timothy_garza@gmail.com,1-818-552-9417,Columbus,2022-10-15
355,JEFFERY HAMILTON,jeffery76@ljensen@example.org,1-850-977-4437,Las Vegas,2023-05-15
356,mary bowers,mary22@vpaul@example.com,199-099-6542,Raleigh,2024-09-10
357,Thomas Thompson,thomas@moore.net,1-611-433-4981,Houston,2024-08-15
358,Christopher Thompson,leslie55@lauralove@example.org,9716935048,Denver,2022-06-04
359,Ryan Martin,ryan.martin@gmail.com,7558884161,Philadelphia,2022-07-24
360,Ryan Kent,ryan@carlson.com,8066134913,Arlington,2025-04-28
361,Alyssa Estrada,alyssa70@lisabautista@example.org,2465763070,San Antonio,2022-11-22
362,Diana Solomon,DIANA.SOLOMON@GMAIL.COM,(295) 358-8187,Omaha,2024-02-10
363,Natasha Gomez,natasha1@jesse15@example.com,9127476406,,2024-06-30
364,Julia Bowen,julia83@millergary@example.net,7516416405,Sac,2025-03-24
365,JODY BENITEZ,JODY.BENITEZ@YAHOO.COM,9903858563,Las Vegas,2023-07-08
366,David Padilla,david@tucker-williams.com,2247187747,Chicago,2022-12-19
367,Carrie Shelton,carrie38@nbailey@example.net,(553) 721-6064,Albuquerque,2023-11-11
368,Alexander Soto,ALEXANDER.SOTO@GMAIL.COM,9796989147,Phoenix,2024-06-01
369,Ryan Garcia,RYAN.GARCIA@YAHOO.COM,1-540-321-8516,Philadelphia,2023-04-19
370,KIARA TUCKER,kiara_tucker1@hotmail.com,726-511-9434,Los Angeles,2024-12-10
371,Kathy Gonzalez,kathy.gonzalez,(910) 825-1080,Portland,2023-06-20
372,John Patterson,smithkenneth@example.org,,New York,2024-08-28
373,Robert Smith,robert.smith@gmail.com,1-792-922-8137,Boston,2024-09-22
374,Amanda Hughes,ahughes@hotmail.com,(481) 803-3129,Philadelphia,2025-02-14
375,Thomas Brown,thomas.brown,,New Orleans,2023-06-25
376,Joseph Brown,joseph_brown@hotmail.com,(399) 375-1962,Fort Worth,2022-07-13
377,Zachary Hurley,zachary.hurley@yahoo.com,333-564-7324,Oakland,2023-05-08
378,Julia Morales,julia.morales@gmail.com,(362) 326-8912,Tampa,2025-04-02
379,Kenneth Patel,xholland@example.com,104-372-1223,Sacramento,2023-05-24
380,Samantha Ramos,samantha.ramos,,Colorado Springs,2024-12-17
381,Lauren Murillo,lauren@long.com,8457512447,Tulsa,2022-07-13
382,H. Harrington,JEFFREY.JONES@HOTMAIL.COM,1-366-436-1506,San Francisco,2024-07-18
383,samantha chavez,schavez@hotmail.com,6714121120,Sacramento,2023-09-03
384,David Smith,david@chandler.info,(369) 514-2373,Chicago,2023-08-21
385,Derek Deleon,derek@mercado.com,592-872-3685,Memphis,2025-01-10
386,Carol Cole,ccole@gmail.com,223-375-9405,Austin,2024-10-24
387,AARON NELSON,anne38@vanessasanchez@example.net,(495) 319-8908,Oklahoma City,2023-08-03
388,Tiffany Smith,tiffany_smith@yahoo.com,N/A,Albuquerque,2024-08-13
389,david garza,david_garza25@yahoo.com,408-256-6703,Nashville,2023-03-19
390,Amy West,AMY.WEST@YAHOO.COM,,Oakland,2022-11-26
391,Joshua Stewart,christopher_garcia36@gmail.com,1-431-899-2052,New Orleans,2022-10-29
392,holly morales dvm,HOLLY.DVM@HOTMAIL.COM,240-111-2544,Jacksonville,2023-07-29
393,Bobby Fernandez,bobby_fernandez@yahoo.com,6973085463,Raleigh,2023-02-20
394,Michael Ruiz,michael48@katelyn96@example.org,,Omaha,2022-07-29
395,Jeffrey Malone,jeffrey_malone8@hotmail.com,531-147-9671,MA,2024-06-19
396,Juan Bates,juan86@nancychang@example.net,193-266-2794,,2024-09-27
397,Diana Brown,DIANA.BROWN@GMAIL.COM,(927) 762-1008,Raleigh,2025-01-22
398,robert anderson,robert@taylor.org,1-455-851-3147,Colorado Springs,2023-02-13
399,CARLA CARTER MD,carla@hill.com,1-974-779-7408,Oklahoma City,2024-04-15
400,Eric Contreras,erica04@example.org,(997) 741-3477,Tulsa,2023-07-08
401,Tiffany Heath,ballsamantha@example.org,3063643907,Minneapolis,2022-07-29
402,Christopher Clark,christopher87@bryantalex@example.org,1-787-286-4840,Dallas,2024-06-18
403,Angela Mitchell,ANGELA.MITCHELL@YAHOO.COM,(584) 950-2278,San Diego,2024-05-30
404,Ryan Le,ryan.le,3587835054,Minneapolis,2022-06-02
405,Mr. Cody Floyd,MR..FLOYD@GMAIL.COM,131-641-5080,Fort Worth,2022-11-01
406,Frederick Jimenez,frederick.jimenez@yahoo.com,1-801-430-1045,Mesa,2025-02-22
407,Charles Monroe,CHARLES.MONROE@YAHOO.COM,,Tampa,2024-05-25
408,Jason Fleming,ballsamantha@example.org,1-275-370-6318,Oakland,2024-11-20
409,Duane Evans,amy85@ydrake@example.com,9039195063,Arlington,2024-11-26
410,MELISSA HAMPTON,melissa.hampton@yahoo.com,281-932-2904,Boston,2024-09-10
411,Corey Webb,corey_webb31@yahoo.com,N/A,Detroit,2024-01-23
412,Dana Baker,leslieellis@example.net,3559547176,Miami,2022-08-05
413,Richard Gonzales,richard_gonzales17@hotmail.com,(770) 641-6003,New York,2023-11-13
414,Scott Lopez,slopez@yahoo.com,1-406-802-4502,Mesa,2023-04-08
415,Kimberly Stevens,laura.walter@gmail.com,128-397-8505,Oakland,2023-12-23
416,Nicholas Brown II,morgansharon@example.com,1-754-448-9841,Omaha,2023-02-23
417,JULIE CASTANEDA,julie_castaneda@gmail.com,(487) 561-2195,El Paso,2025-03-11
418,Bill Gibbs,bill67@bbrown@example.com,(785) 293-6605,Milwaukee,2024-01-01
419,Monica Kelly,monica_kelly@hotmail.com,5399825777,,2024-03-28
420,Troy Marshall,troy@blake.com,864-644-0624,Nashville,2023-01-19
421,Melanie Anderson,MELANIE.ANDERSON@GMAIL.COM,1-918-384-2247,Omaha,2022-07-06
422,Daniel Wong,daniel@grant.net,724-627-1349,Memph,2024-09-06
423,Paul Acosta,PAUL.ACOSTA@HOTMAIL.COM,1-291-682-9089,Fort Worth,2024-03-22
424,Keith Armstrong,keith@marks.org,4782256028,Miami,2023-02-16
425,bryan wright,bryan@sanchez.com,N/A,Seattle,2022-09-07
426,RHONDA WATKINS,rhonda.watkins@gmail.com,6308867829,Oakland,2024-07-14
427,WILLIAM HESTER,WILLIAM.HESTER@GMAIL.COM,8414462629,San Francisco,2024-12-04
428,Christopher Stevenson,christopher24@jbrooks@example.net,1-562-283-9718,Philadelphia,2023-08-20
429,George Horton,george@morgan.biz,495-192-4826,Charlotte,2025-03-25
430,Allison Miller,bryanshaw@example.org,(689) 809-9146,Los Angeles,2023-05-27
431,Karen Bell,brian@perkins-gibson.com,6417869396,El Paso,2024-02-17
432,Kathleen Alvarado,kathleen.alvarado@yahoo.com,814-140-0497,San Antonio,2023-11-10
433,Rachel Faulkner,rfaulkner@yahoo.com,6667119286,Oklahoma City,2024-10-28
434,Elizabeth Wall,corey90@example.net,4704052734,Atlanta,2023-08-26
435,Latoya Woods,latoya35@jennawhite@example.org,1-856-587-6974,,2025-04-07
436,Sarah May,smay@yahoo.com,(652) 790-7692,Chicago,2024-01-15
437,Steve Ray,steve.ray@yahoo.com,3479448294,FL,2022-12-24
438,Nicholas Tate,nicholas_tate@hotmail.com,(424) 584-8904,Dallas,2022-09-07
439,Thomas Ruiz,thomas.ruiz@hotmail.com,3187718306,,2024-06-10
440,Mr. Anthony Mcdonald,mr._mcdonald12@gmail.com,6023236058,Arlington,2023-04-06
441,Debra Green,dgreen@gmail.com,(622) 618-3130,Miami,2023-12-07
442,JENNIFER WILKINS,jwilkins@gmail.com,4216703087,Jacksonville,2023-05-07
443,Ryan Harper,ryan68@danielblackburn@example.com,(224) 555-9044,Perezmouth,2024-11-06
444,Charles Moran,charles_moran25@hotmail.com,,Raleigh,2022-07-19
445,Stephanie Lopez PhD,stephanie@barnes.com,096-048-3114,Milwaukee,2023-05-27
446,stanley beard,stanley@chen.com,1-418-547-1097,Austin,2022-12-18
447,Erlc Garcia,dale18@tbrown@example.com,919-064-9241,Long Beach,2023-04-13
448,deborah wyatt,dwyatt@yahoo.com,(234) 810-6925,Las Vegas,2022-06-04
449,Katelyn Smith,KATELYN.SMITH@HOTMAIL.COM,3817474963,Seattle,2022-09-19
450,Alexander Roberts,alexander65@cjacobs@example.com,9365148576,Washington,2024-01-25
451,Regina Russell,REGINA.RUSSELL@GMAIL.COM,(230) 572-6170,Albuquerque,2023-04-13
452,Joseph King,joseph67@pandrews@example.com,173-330-3473,Sacramento,2023-09-05
453,Christopher Martinez,christopher@manning-gonzalez.com,3776904785,San Antonio,2023-08-01
454,Samuel Wolfe,SAMUEL.WOLFE@GMAIL.COM,1-545-993-5978,Minneapolis,2022-09-04
455,Brandi Baker,brandi.baker@gmail.com,1-472-689-9692,Memphis,2022-11-07
456,Mary Espinoza,mary@steele.biz,394-371-2381,Boston,2023-09-27
457,Sherry Whitaker,sherry32@sanchezjoseph@example.net,,Tucson,2022-09-28
458,Sara Snyder,SARA.SNYDER@GMAIL.COM,910-452-2352,Los Angeles,2024-02-16
459,Jay Ryan,jay.ryan,(766) 661-8197,San Francisco,2023-07-03
460,Robert Wood,robert_wood32@yahoo.com,721-532-7881,Memphis,2024-08-25
461,Joseph Williams,joseph.williams@yahoo.com,(543) 798-2704,Detroit,2022-07-29
462,Logan Sawyer,logan_sawyer3@gmail.com,1-450-297-1290,Denver,2022-06-02
463,Krista Vaughan,krista.vaughan@gmail.com,3082491126,Houston,2023-10-02
464,Charles Nielsen,charles.nielsen@hotmail.com,9855629665,,2022-06-18
465,Margaret Elliott,melliott@gmail.com,1-900-581-7234,Kans,2025-03-02
466,benjamin ward,HOLLY.DVM@HOTMAIL.COM,1-868-549-2573,Jacksonville,2025-02-19
467,Deborah Griffin,deborah_griffin@yahoo.com,1-433-398-7700,Seattle,2023-01-08
468,Regina Vance,regina_vance@yahoo.com,1-399-257-3430,Las Vegas,2023-04-30
469,Yvonne Castro,YVONNE.CASTRO@GMAIL.COM,576-778-6851,Philadelphia,2023-01-07
470,Rebecca Foster,rebecca@scott.com,1-641-957-9570,San Francisco,2024-12-06
471,Richard Wood,rwood@yahoo.com,924-975-2790,Washington,2023-07-07
472,bradley stephens,bradley@thomas-macias.info,917-344-7256,Nashville,2025-01-26
473,Deanna Mason,deanna@garcia.biz,1-508-332-2158,Miam,2024-05-21
474,Victoria Ellis,patrickschmidt@example.org,(843) 570-9026,Sacramento,2022-12-19
475,Kelly Wong,kelly99@ryan27@example.org,2744573861,Atlanta,2024-03-15
476,Lindsey Rose,LINDSEY.ROSE@HOTMAIL.COM,,Fresno,2022-09-13
477,TROY WARD,troy_ward13@yahoo.com,242-220-1579,New Orleans,2025-03-21
478,Joshua Roach,JOSHUA.ROACH@GMAIL.COM,073-252-7006,Omaha,2024-03-02
479,eileen colon,eileen.colon@yahoo.com,059-997-5901,Las Vegas,2024-09-26
480,Garrett Oneill,garrett88@amanda20@example.com,768-292-4716,Tulsa,2024-02-08
481,KRISTEN FORD,kristen_ford16@hotmail.com,(426) 283-8172,Las Vegas,2024-04-28
482,emily ali,emily@donaldson-simmons.com,5792675885,Los Angeles,2024-03-26
483,Karen Richardson MD,karen.md@yahoo.com,093-930-1184,Mesa,2023-01-12
484,Daniel Watkins,daniel@beasley-smith.com,,San Francisco,2023-06-13
485,Gregory Costa,bjackson@example.net,2363878412,Denver,2022-11-25
486,Danielle Washington,owenscolleen@example.org,(585) 512-8867,Arlington,2023-12-26
487,ALEXA GAINES DDS,adds@yahoo.com,1-763-301-2214,North Connieside,2023-05-26
488,lisa garcia,lisa@olson.biz,5464351565,San Francisco,2022-06-11
489,Mr. Joel Mitchell,mr.1@curtisgallagher@example.org,(619) 853-3284,Long Beach,2024-08-12
490,John Mayer,JOHN.MAYER@HOTMAIL.COM,4147222849,Jacksonville,2023-05-24
491,Stacey Melton,STACEY.MELTON@HOTMAIL.COM,1-735-264-7746,Jackso,2023-08-17
492,Kelly Fuller,kelly_fuller6@gmail.com,1-768-815-9604,North Kristine,2022-11-09
493,Ethan Little,ethan.little@hotmail.com,(520) 564-4858,Fresno,2023-06-12
494,Henry Conway,RICHARD.ROBERTSON@HOTMAIL.COM,,El Paso,2025-03-04
495,April Knight,xholland@example.com,(371) 307-2813,Philadelphia,2023-11-28
496,William Wyatt,william3@grodriguez@example.org,1-589-737-4108,Boston,2023-04-14
497,William Davila,william89@davidramos@example.com,5066913800,Fort Worth,2022-08-17
498,Leslie Mendoza,leslie_mendoza@gmail.com,819-272-2342,Long Beach,2023-08-06
499,Olivia Rogers,olivia@hebert.com,N/A,Tucson,2024-10-18
500,Amanda Pena,ortizcharles@example.com,962-486-3038,Boston,2024-11-26
501,andrea moran,ANDREA.MORAN@GMAIL.COM,310-232-2275,Fresno,2023-01-25
502,tyrone moore,mejiaelizabeth@example.org,1-748-573-2343,Arlington,2025-03-21
503,Colin Mclaughlin,colin_mclaughlin@yahoo.com,641-390-9868,Arlington,2022-06-10
504,SUZANNE BROWN,suzanne.brown,272-434-9896,Oakland,2023-11-20
505,EDWARD SMITH,edward.smith@gmail.com,121-782-7552,Washington,2023-02-17
506,SEAN NICHOLS,sean_nichols@yahoo.com,1-280-668-1300,Columbus,2022-05-19
507,Nicholas Li,nicholas_li23@yahoo.com,719-256-6469,KY,2024-11-12
508,kimberly phillips,kimberly63@angelabeck@example.net,N/A,Austin,2024-03-18
509,John Jones,john@reyes.com,4517087904,Ortizmouth,2024-08-17
510,Jonathan Williams,allen_rodriguez@gmail.com,1-760-774-9117,Oklahoma City,2023-03-24
511,Tyler Nunez,kathleen.alvarado@yahoo.com,(927) 650-2813,Nashv,2023-12-16
512,William Watkins,william.watkins@hotmail.com,7667921757,Austin,2022-08-25
513,Shannon Moore,shannon@morris-hernandez.com,1-720-386-6593,West Jenniferport,2025-05-10
514,Shannon Bruce,sbruce@hotmail.com,1-277-737-7190,Fresno,2024-08-29
515,Sherry Campbell,sherry.campbell@gmail.com,528-849-9754,Louisville,2024-08-26
516,Robert Weaver,robert_weaver@hotmail.com,995-188-4648,Milwaukee,2022-12-10
517,Dennis Jones,allen74@kochwhitney@example.org,1-475-497-9230,Detroit,2025-04-18
518,SHAWN MARTIN,shawn@spence.com,986-978-3897,Kansas City,2024-08-05
519,Raymond Kelly,raymond.kelly,165-975-1826,Philadelphia,2024-09-09
520,Tracy Smith,tsmith@gmail.com,1-341-402-5862,San Jose,2023-01-01
521,william spencer,makaylasantiago@example.org,1-482-441-9239,Tampa,2023-09-27
522,Scott Cole,scott_cole@gmail.com,113-357-5349,Portland,2025-01-09
523,RACHEL WALKER,rachel57@kimberlyvillarreal@example.org,(583) 566-8552,New York,2025-01-04
524,Kevin Bruce,kbruce@yahoo.com,5395147255,Houston,2023-02-10
525,Angela Johnson,angela10@alison43@example.org,(967) 562-6809,Tucson,2023-12-16
526,Paul Graham,PAUL.GRAHAM@GMAIL.COM,1-348-483-9351,Columbus,2024-03-19
527,William Myers,zacharylopez@example.org,1-842-918-6611,Nashville,2023-12-27
528,Diane Gonzalez,dgonzalez@yahoo.com,5744676619,Austin,2022-08-21
529,Alexander Harrison,alexander54@michael37@example.com,1-969-918-7257,Jacksonville,2022-10-05
530,Robin Odom,robin.odom@hotmail.com,(292) 723-7215,Colorado Springs,2024-12-31
531,Brian Edwards,brian@keith.net,9498184094,Los Angeles,2024-04-26
532,Dawn Banks MD,dawn_md43@yahoo.com,568-123-5713,Fresno,2024-07-02
533,Christopher Gilmore,CHRISTOPHER.GILMORE@HOTMAIL.COM,5753558048,Baltimore,2023-03-09
534,todd thomas,alejandro77@example.com,(832) 842-6869,San Antonio,2025-01-03
535,Daniel Ali,joseph_brown@hotmail.com,7039616600,Austin,2025-01-31
536,Aaron Williams,aaron.williams@gmail.com,N/A,Arlington,2023-09-30
537,Tiffany Gonzalez,tiffany15@livingstoncindy@example.com,1-912-677-7528,Fresno,2025-04-12
538,lindsay lane,alowe@example.com,,Charlotte,2024-04-20
539,HANNAH BROWN,HANNAH.BROWN@HOTMAIL.COM,1-259-647-7268,Colorado Springs,2023-10-24
540,Ashley King,ashley_king@hotmail.com,1-532-541-1813,Brownberg,2023-08-28
541,mrs. angelica phillips,mphillips@hotmail.com,631-412-6213,Baltimore,2024-03-05
542,Sean Diaz,sean@kelly-king.com,7415199544,Columbus,2024-11-15
543,Tyler Edwards,tyler9@jade48@example.org,1-811-606-1535,Milwaukee,2023-03-17
544,Charles Little,charles_little6@gmail.com,577-976-2718,San Diego,2023-11-19
545,Dr. Randy Gibson,dr..gibson@hotmail.com,(592) 722-9742,Sacramento,2024-10-10
546,Vickie Mooney,vickie@smith.biz,1-313-288-6349,Nashville,2024-03-30
547,Shelley Hart,shelley_hart50@gmail.com,159-081-0194,New York,2023-07-05
548,Michael Kelly,michael65@perezjasmine@example.com,639-889-4571,Minneapolis,2023-03-26
549,Kirsten Foster,kfoster@yahoo.com,210-498-0988,San Diego,2024-12-11
550,jamie washington,richardmark@example.net,832-595-6360,Minneapolis,2023-11-17
551,CHRISTOPHER WEEKS,christopher94@bakerbrandon@example.net,N/A,Columbus,2023-08-18
552,Christopher Myers,CHRISTOPHER.MYERS@GMAIL.COM,(368) 976-8800,Fresno,2024-01-09
553,Gina George,GINA.GEORGE@GMAIL.COM,,Los Angeles,2024-08-15
554,Eric Henry,eric55@warrenscott@example.com,7058213358,Charlotte,2023-08-29
555,Angela Farrell,aholland@example.org,1-591-450-4702,UT,2023-06-01
556,Jennifer Wood,jwood@yahoo.com,(724) 373-1577,New Orleans,2024-12-06
557,Elizabeth Montoya,ELIZABETH.MONTOYA@HOTMAIL.COM,507-686-6734,Colorado Springs,2023-03-28
558,WAYNE CALDERON,wcalderon@yahoo.com,(526) 902-1320,Sacramento,2022-11-01
559,Gordon Anderson,gordon.anderson@yahoo.com,1-447-278-5470,Albuquerque,2022-10-03
560,Ashley Scott,ASHLEY.SCOTT@HOTMAIL.COM,(808) 328-5782,Detroit,2023-09-24
561,Jasmine James,williamsjennifer@example.org,401-289-8525,Mesa,2024-09-04
562,Jeffrey Burch,jeffrey.burch@yahoo.com,1-551-305-9545,Long Beach,2023-11-24
563,Tyler Roberts,bradfordbrian@example.net,276-487-4983,Memphis,2023-02-20
564,jordan griffith,jgriffith@gmail.com,566-348-6940,San Francisco,2024-06-18
565,michellh day,logan_sawyer3@gmail.com,1-314-955-7303,Baltimore,2023-08-07
566,Daniel Grant,katie29@example.net,1-265-569-4991,Columbus,2023-12-08
567,Alexander Crawford,alexander.crawford@gmail.com,(568) 474-2059,Chicago,2023-03-17
568,Anna Sanders,anna.sanders@gmail.com,262-926-2040,Portland,2023-04-23
569,Alyssa Skinner,tamarawilliams@example.com,1-691-861-2765,Louisville,2024-01-07
570,janet vazquez,janet.vazquez@hotmail.com,213-280-3429,Seattle,2024-02-02
571,Keith Parks,keith@anderson-ross.com,(510) 710-3029,Portland,2023-12-07
572,CHRISTIAN PEARSON,christian_pearson@yahoo.com,363-857-5752,Arlington,2023-02-09
573,Leonard Ortiz,leonard@mclaughlin.com,3497249932,Boston,2023-10-12
574,shelly skinner,sskinner@yahoo.com,(365) 469-8016,Sacramento,2024-07-29
575,Jessica Bartlett,jessica@fox.org,8522006243,Tulsa,2023-04-23
576,Victor Johnson,victor@hernandez-flores.com,1-470-259-7064,Austin,2024-12-04
577,Jason Ryan,marissamaddox@example.org,4307675117,Brendashire,2024-11-20
578,Deborah Pearson,deborah32@jenniferoneill@example.org,(249) 236-4413,Colorado Springs,2023-01-26
579,Jeffrey Burns,jburns@hotmail.com,(846) 887-8558,Chicago,2023-05-31
580,Krista Hopkins,krista50@robertscott@example.org,1-683-543-8687,Miami,2024-01-05
581,Sherri Horn,sherri25@nortiz@example.org,N/A,Tucson,2024-01-11
582,David Duke,david.duke@gmail.com,4479657450,Seattle,2022-09-04
583,Leslie Barber,ublair@example.net,(533) 430-6942,,2024-07-27
584,Barbara Francis,barbara@clarke.org,1-872-645-4461,Herrerachester,2023-06-27
585,jeremy foster,JEREMY.FOSTER@GMAIL.COM,(960) 924-9497,Charlotte,2023-02-12
586,Daily Sullivan,garrett88@amanda20@example.com,(876) 353-5754,Albuquerque,2024-06-14
587,Cody Carlson,cody29@prichardson@example.com,(609) 352-4618,Atlanta,2023-08-03
588,Johngy Smith,HANNAH.BROWN@HOTMAIL.COM,170-761-0121,San Diego,2023-01-30
589,Adam Rodriguez,adam@lee.org,1-218-503-3761,Washington,2023-06-02
590,Caitlin Schwartz,caitlin@ramos-myers.com,(411) 210-5629,NC,2023-11-19
591,James Weaver,richard46@example.com,1-640-692-6590,Long Beach,2023-05-13
592,Sarah Lester,sarah@jones.com,775-137-9017,Atlanta,2024-12-17
593,JANE HOWARD,jane.howard@hotmail.com,7404549551,Jacksonville,2023-12-24
594,SAMANTHA EDWARDS,samantha20@cassandra46@example.net,1-984-304-4088,Los Angeles,2022-12-01
595,Alfred Palmer,alfred.palmer,,Raleigh,2024-06-05
596,Evelyn Fields,hrobbins@example.com,202-271-0338,Oakland,2023-11-11
597,Lawrence Holder,LAWRENCE.HOLDER@GMAIL.COM,6275996716,Mesa,2023-12-03
598,MICHAEL YANG,michael_yang49@gmail.com,1-215-368-3489,Colorado Springs,2023-12-03
599,Michael Morris,susan94@example.com,8217239540,South Kellychester,2025-03-01
600,Lisa Moss,lisa.moss@hotmail.com,N/A,Tulsa,2022-09-08
601,Amanda Cox,acox@gmail.com,(885) 676-3105,Long Beach,2023-02-13
602,Anthony King,anthony_king37@gmail.com,,Chicago,2023-11-10
603,SCOTT CLARK,sclark@gmail.com,(677) 994-2017,Jacksonville,2022-07-27
604,SCOTT HERNANDEZ,scott_hernandez20@gmail.com,6524125038,Fresno,2023-02-05
605,MARY SMITH,mary@steele.biz,(922) 511-4233,,2022-05-26
606,RILEY RICHARDSON,riley43@joannhudson@example.net,(364) 487-1074,Phoenix,2024-12-18
607,Hunter Jones,hunter87@jo48@example.net,,Virginia Beach,2022-08-13
608,Adrienne Clay,wilkersonkevin@example.com,173-036-7171,Omaha,2023-06-24
609,Derrick Rich,derrick@mosley-brooks.org,(201) 732-2000,HI,2024-04-24
610,Alyssa Jordan,ajordan@gmail.com,1-847-625-7296,Louisville,2023-06-29
611,Scott Johnson,scott_johnson48@yahoo.com,264-631-8830,Los Angeles,2024-11-03
612,Bonnie Campbell,bonnie31@evan04@example.org,(495) 787-8410,,2024-02-19
613,Kathryn Young,kathryn@ramirez.com,(751) 473-2548,Phoenix,2022-09-16
614,MEGAN JOHNSON,MEGAN.JOHNSON@GMAIL.COM,3112084292,Indianapolis,2024-07-12
615,Michael Rodriguez,raymond.kelly,1-395-577-2364,Raleigh,2023-06-20
616,Alexandra Donaldson,alexandra90@devingoodman@example.org,(903) 557-7024,Washington,2025-04-08
617,Nicholas Baker,NICHOLAS.BAKER@GMAIL.COM,1-469-242-7562,Mesa,2024-04-09
618,Thomas Moore,tmoore@yahoo.com,1-660-790-9558,San Jose,2023-01-02
619,Lori Silva,lori.silva@yahoo.com,8855911101,Phoenix,2023-08-26
620,N. Baxter,michele_marsh44@gmail.com,1-301-836-5191,San Jose,2022-12-14
621,Vincent Bentley,vincent43@matthewnguyen@example.net,311-503-8800,Colorado Springs,2025-03-13
622,Samuel Pearson,samuel42@vburton@example.net,8532175116,Austin,2023-05-04
623,Stacy Moody,zrodriguez@example.org,,Boston,2022-09-23
624,Scott Villanueva,robertjackson@example.net,9323723747,Raleigh,2025-03-22
625,Elizabeth Flores,elizabeth.flores,1-578-349-9644,Jacksonville,2023-02-01
626,Laura Villarreal,laura82@andrewgallagher@example.net,,Charlotte,2023-09-27
627,Mrs. Eileen Miller DVM,mrs..dvm,4846118843,Nashville,2022-11-17
628,rebecca mcclure,rebecca@perez.com,8079219147,Nashville,2024-07-16
629,Connie Brown,cbrown@yahoo.com,(837) 303-6083,Indianapolis,2024-05-19
630,James Cook,james82@abigailsanders@example.com,1-826-690-6921,San Diego,2024-06-10
631,Hailey Brown,hailey_brown1@hotmail.com,1-493-230-1857,Omaha,2025-01-02
632,Nathan Patterson,kyle30@example.com,088-361-1174,OK,2023-06-05
633,Joseph Carter,joseph.carter@gmail.com,1-977-370-4544,Tampa,2022-12-15
634,Albert Baker,not_an_email,2863857586,Boston,2024-01-30
635,Randall Collins,sean_nichols@yahoo.com,286-827-5165,Seattle,2023-11-04
636,Brooke Sandoval,holly06@example.net,1-233-421-3000,Virginia Beach,2022-08-30
637,Jonathan Reed,jonathan52@mark01@example.org,2762319342,Washington,2023-09-16
638,Melissa Olson,melissa@williams.com,1-289-431-2496,Philadelphia,2023-05-13
639,Jeff Lopez,jeff13@haley42@example.com,(885) 626-7851,Charlotte,2024-07-29
640,jerry harding,jharding@gmail.com,1-969-210-6220,New York,2024-04-04
641,Priscilla Wells,pwells@gmail.com,(755) 690-2936,MT,2024-06-24
642,Timothy Guerrero,diana.johnson@gmail.com,1-384-674-7649,Virginia Beach,2023-06-22
643,Kyle Thomas,kyle.thomas@hotmail.com,1-810-345-8665,Atlanta,2023-07-08
644,Norman Nguyen,dnorris@example.net,N/A,Long Beach,2022-12-08
645,Robin Dyer,nicholas_li23@yahoo.com,9385308728,Baltimore,2022-12-24
646,ABIGAIL MCCLURE,phillip@ray.com,180-317-4583,Sacramento,2024-11-07
647,Ryan Ramirez,ryan@green.com,(263) 556-5365,San Diego,2022-08-08
648,Michael Mckee,michael.mckee@gmail.com,1-466-270-3691,Arlington,2025-03-29
649,LINDA DAVILA,linda.davila@gmail.com,(378) 576-6751,Atlanta,2023-07-23
650,Nicholas Wood,NICHOLAS.WOOD@YAHOO.COM,572-516-9235,Portland,2024-10-21
651,james cook,james.cook@gmail.com,N/A,Columbus,2023-08-08
652,Stephanie Peterson,stephanie.peterson@yahoo.com,348-203-8661,,2023-05-23
653,Laura Tate,ltate@yahoo.com,,Nashville,2025-03-27
654,Laura Bowers,laura@clark.net,1-273-203-6090,Oakland,2022-08-10
655,stephanie rivera,srivera@hotmail.com,1-943-837-9924,Tulsa,2022-07-27
656,Joshua Wilson,johnsmith@example.org,(675) 604-6991,San Diego,2022-06-12
657,JEFFREY GIBSON,JEFFREY.GIBSON@HOTMAIL.COM,1-296-563-9923,Colorado Springs,2025-02-06
658,Annette Roberts,bpalmer@gmail.com,5696417079,South Travis,2023-09-16
659,Cindy Diaz,sharon17@example.org,1-840-827-6846,Tucson,2023-11-09
660,Joshua Allen,joshua_allen39@yahoo.com,(506) 836-3902,Arlington,2023-09-01
661,Marissa Gomez,simmonsdwayne@example.org,6253713680,Long Beach,2024-09-20
662,Amanda Price,amanda_price@hotmail.com,4757114434,Austin,2025-04-16
663,JENNIFER WRIGHT,jennifer_wright25@hotmail.com,(439) 260-6223,Denver,2025-04-17
664,Cody Fuentes,cody@robinson.info,1-875-683-7985,Las Vegas,2025-01-12
665,Samuel Ryan,samuel.ryan@gmail.com,706-966-9148,Columbus,2024-04-14
666,Francisco Carroll,francisco.carroll,1-713-269-3204,Virginia Beach,2024-06-16
667,Christopher Vazquez,christopher.vazquez@hotmail.com,1-303-301-6027,Chicago,2025-03-31
668,Mrs. Emma Walker,mrs.83@stephaniesanford@example.com,124-972-4419,Tucson,2024-06-02
669,Brian Schwartz,BRIAN.SCHWARTZ@YAHOO.COM,687-742-4234,Columbus,2023-02-18
670,Angela Sanchez,angela34@sullivankimberly@example.com,1-351-936-8061,Tulsa,2024-12-29
671,Mary Schneider,mschneider@yahoo.com,852-493-8264,Foleyfort,2022-05-20
672,Leah Petersen,LEAH.PETERSEN@YAHOO.COM,1-736-521-9373,Nashville,2024-12-25
673,Frank Quinn,fquinn@hotmail.com,1-546-488-8638,Long Beach,2024-07-20
674,Cameron Saunders,cameron_saunders33@hotmail.com,(816) 227-3327,Philadelphia,2024-11-30
675,Amanda Mcgee,amanda@chang-smith.com,5658662039,San,2023-12-26
676,WILLIAM LEE,william15@arivera@example.org,1-388-583-8866,,2025-02-26
677,George Gill III,giii@hotmail.com,,Colorado Springs,2023-06-09
678,TRACY MALDONADO,tracy.maldonado@yahoo.com,2518941568,,2023-12-26
679,John Williams,goodwindanielle@example.com,673-108-8610,Tampa,2025-04-12
680,jacob gray,jacob.gray@hotmail.com,1-907-227-4981,Oakland,2023-09-14
681,Megan Stanley,megan66@carolyn01@example.org,1-773-269-3126,,2022-09-13
682,Lauren Gray,gordon.anderson@yahoo.com,3145259089,Denver,2024-09-09
683,Alfred Moore,alfred@perez.biz,N/A,San Antonio,2025-04-30
684,Michael Wheeler,mwheeler@gmail.com,416-033-3958,New York,2022-07-10
685,Thomas Nash,tnash@yahoo.com,683-176-6015,Detroit,2024-11-16
686,Mark Diaz,mark@watts.com,(530) 292-3857,Omaha,2022-08-16
687,BRIAN PARSONS,brian12@wrightjesse@example.net,8514911499,Tucso,2024-10-28
688,Bethany Berg,BETHANY.BERG@YAHOO.COM,(585) 762-5650,Chicago,2022-07-01
689,Molly Price,molly.price@yahoo.com,4374963748,Fort Worth,2025-02-14
690,Angela Gray,ANGELA.GRAY@GMAIL.COM,1-471-696-2940,Raleigh,2023-12-18
691,CHRISTINE HILL MD,christine@kerr-young.biz,931-760-4122,Colorado Springs,2023-05-21
692,MEGHAN HERNANDEZ,anthony_king37@gmail.com,266-183-7613,Kansas City,2025-01-20
693,James Buck,JAMES.BUCK@GMAIL.COM,1-744-258-8217,San Jose,2023-11-17
694,ALISON MARSHALL,amarshall@yahoo.com,1-477-428-3373,Raleigh,2023-06-01
695,Miss Julie Johnson PhD,miss.phd@yahoo.com,3627959192,Oakland,2024-01-12
696,charles harrell dds,charles.dds@gmail.com,(731) 582-3476,Oakland,2025-01-30
697,Cassandra Stephens,cassandra.stephens,(396) 879-8178,Sacramento,2024-09-24
698,Carl Barrett,carl.barrett@gmail.com,7486518642,Tulsa,2024-05-05
699,Paul Brown,pbrown@gmail.com,3499321243,Boston,2024-06-04
700,ANDREW LOVE,not_an_email,1-273-450-4767,Portland,2022-08-10
701,Julia Smith,blackwelljulie@example.org,(745) 660-2644,Columbus,2024-06-25
702,Charlotte Massey,schavez@hotmail.com,1-407-634-4154,Traceyhaven,2022-08-06
703,Christy Brown,CHRISTY.BROWN@HOTMAIL.COM,1-980-271-4819,Charlotte,2024-05-01
704,Sara Jacobson,sara48@brentestrada@example.net,1-551-646-3255,San Jose,2024-04-04
705,Randy Lewis,RANDY.LEWIS@YAHOO.COM,329-022-7845,Atlanta,2022-11-21
706,sheri sims,sheri_sims37@hotmail.com,(770) 769-4016,Omaha,2022-08-07
707,Sarah Ruiz,SARAH.RUIZ@HOTMAIL.COM,(274) 504-3119,San,2022-12-21
708,William Jones,wjones@yahoo.com,(255) 560-7584,Detroit,2024-03-15
709,Veronica Ortega,veronica.ortega@gmail.com,315-215-8586,Sacramento,2023-11-14
710,Christopher Malone,ureyes@example.net,1-228-513-3725,Houston,2023-07-05
711,Steven Cabrera,steven@miller-fernandez.org,(910) 346-3901,Lake Bryan,2023-05-15
712,Elrzabeth MD,bpalmer@gmail.com,,Albuquerque,2023-08-15
713,Christy Nolan,CHRISTY.NOLAN@HOTMAIL.COM,5982041806,Nashville,2023-05-21
714,Madison Mejia,MADISON.MEJIA@GMAIL.COM,,San Diego,2022-05-31
715,Joshua Obrien,qmoore@example.net,8089637689,Fresno,2023-12-05
716,Tara Lloyd,tara_lloyd34@yahoo.com,3255272518,Jacksonville,2025-05-08
717,Timothy Guerra,TIMOTHY.GUERRA@GMAIL.COM,(395) 517-6202,Albuquerque,2025-02-10
718,Mrs. Megan Morris DVM,mrs..dvm@yahoo.com,6885103617,Columbus,2024-11-18
719,Jesse Mack,jesse.mack@hotmail.com,2087418797,Mesa,2023-03-06
720,CALEB COOPER,caleb@morris.net,5094844241,Chicago,2023-06-15
721,Elizabeth Baker,elizabeth.baker,155-842-5308,Las Vegas,2023-06-17
722,Jordan Johnson,not_an_email,(447) 750-3998,Omaha,2022-05-29
723,patricia chavez,patricia@kelly-landry.com,2973023086,Charlotte,2023-06-23
724,Daniel Parker,daniel18@fcardenas@example.net,6709013025,Tucson,2023-06-26
725,COREY GARCIA,corey@taylor.info,(900) 835-6567,El Paso,2022-05-24
726,Roy Myers,roy_myers@yahoo.com,(203) 320-7491,Washington,2025-03-11
727,KEVIN MAXWELL,kevin@gallagher-moss.net,4567744485,Tampa,2024-09-14
728,Brian Smith,brian67@velasqueztravis@example.com,634-612-9871,Albuquerque,2023-04-09
729,ANDREW PERKINS,andrew_perkins18@gmail.com,103-839-4069,New Orleans,2023-12-22
730,CHRISTINA HIGGINS,jonathan_carrillo23@hotmail.com,5449758513,San Jose,2025-03-05
731,David Butler,DAVID.BUTLER@YAHOO.COM,1-602-615-6980,Minneapolis,2024-07-18
732,David Rodriguez,david.rodriguez@yahoo.com,N/A,Los Angeles,2023-09-15
733,Pamela Vance,pamela.vance@hotmail.com,1-407-298-2891,Chicago,2023-08-27
734,Mr. Jesse Skinner,mr.3@kellyacosta@example.net,455-810-7700,Memphis,2025-02-12
735,Jacob Sanders,jacob.sanders@gmail.com,(925) 872-4561,Atlanta,2023-10-19
736,jaime gilbert,sue06@example.net,(527) 998-4622,GA,2024-06-05
737,Daniel Moreno,daniel@luna.com,,Miami,2024-11-30
738,JORGE ATKINSON,jatkinson@yahoo.com,1-619-257-5668,San Jose,2023-06-04
739,Joshua Anderson,joshua5@qwhitney@example.net,1-793-339-9960,Omaha,2022-11-14
740,Juan Jensen,juan@foster.com,1-669-843-9455,Las Vegas,2024-02-14
741,Casey Sherman,casey53@blee@example.com,2876409514,Long Beach,2023-05-11
742,Carla Gonzales,cgonzales@gmail.com,1-590-212-9770,Seattle,2024-07-03
743,Tyler Hall,thall@gmail.com,,New York,2024-05-24
744,Denise Russell,denise@lee.com,208-653-5559,Baltimore,2023-07-28
745,Joshua Flores,JOSHUA.FLORES@GMAIL.COM,(709) 821-5782,San Diego,2023-09-02
746,Kevin Moreno,KEVIN.MORENO@HOTMAIL.COM,7983946485,Indianapolis,2023-10-20
747,Jason Carney,jason_carney@hotmail.com,(469) 892-2078,,2024-10-11
748,michaela cox,michaela.cox@gmail.com,(354) 434-9070,Houston,2022-10-18
749,Wanda Snyder,wsnyder@gmail.com,8237922393,Washington,2023-07-22
750,Douglas Jones,douglas23@wheelerrose@example.com,630-392-4397,Memphis,2024-05-19
751,Jennifer Mckinney,jennifer.mckinney@yahoo.com,1-806-745-2097,Houston,2025-04-01
752,SUZANNE WOODS,suzanne.woods@hotmail.com,281-460-2455,Fresno,2024-09-16
753,Christy Ramos,christy50@jenniferwagner@example.com,1-830-403-9840,Houston,2023-05-24
754,Aaron Prince,aaron.prince,2509997222,Boston,2025-02-03
755,TRACI FLORES,meganschneider@example.org,779-080-7893,Tucson,2024-06-17
756,Brandon Mclean,KEVIN.MORENO@HOTMAIL.COM,500-013-9133,Mesa,2022-08-25
757,John Owens,JOHN.OWENS@HOTMAIL.COM,9793401284,Seattle,2022-08-26
758,DAISY HILL,dhill@hotmail.com,(842) 805-6837,Chicago,2023-05-18
759,Raymond Mckinney,RAYMOND.MCKINNEY@YAHOO.COM,158-974-4640,Denver,2024-11-22
760,Alisha Frank,afrank@gmail.com,1-901-852-2542,,2024-02-15
761,Kathleen Stevens,kathleen@williams-lucero.com,(306) 771-7266,New York,2023-06-08
762,Bryan Cobb,bryan32@ashleycarroll@example.org,(372) 540-7613,Los Angeles,2025-03-26
763,Stephen Bush,xjames@example.org,1-816-661-4867,Tampa,2022-08-25
764,Hannah Edwards,hannah.edwards@hotmail.com,907-027-8807,Houston,2022-08-13
765,Christopher Elliott,christopher.elliott,1-571-746-8888,Dallas,2024-08-03
766,Michael Galvan,michael_galvan35@yahoo.com,(713) 661-9352,Tampa,2023-02-14
767,David Hill,david_hill35@gmail.com,(341) 414-4810,,2025-02-11
768,Mrs. Marissa Thomas DDS,dmann@example.net,1-701-289-3402,Tulsa,2024-03-19
769,Joel Mckay,jmckay@yahoo.com,5555857326,Las Vegas,2023-09-17
770,Shaun Finley,sfinley@hotmail.com,1-835-548-5617,Long Beach,2022-08-25
771,gregory stephens,gregory@dillon.net,(653) 835-4232,Dallas,2022-09-06
772,Andrew Kennedy,dillonyoung@example.net,1-886-349-5000,Miami,2022-08-03
773,Cody Jones,cjones@hotmail.com,1-534-985-9568,Mesa,2022-05-23
774,Karen Kim,karen23@zjackson@example.org,1-897-655-7916,Miami,2024-05-23
775,Matthew Ramsey,mramsey@yahoo.com,4179973102,Charlotte,2023-01-15
776,James Carroll,james@wood.com,7692762745,Miami,2023-01-28
777,Zachary Dominguez,zachary.dominguez@hotmail.com,1-872-976-4340,UT,2023-01-25
778,Sheila Evans,hannahnash@example.com,(837) 769-6831,Baltimore,2023-11-27
779,Jennifer Thomas,jthomas@gmail.com,1-857-226-9473,Mesa,2022-09-04
780,Samantha Graham,brichardson@example.net,1-515-686-3336,Colorado Springs,2024-09-27
781,William Berry,wberry@gmail.com,,Detroit,2024-03-09
782,Joshua Michael,JOSHUA.MICHAEL@GMAIL.COM,4767017606,Charlotte,2022-08-19
783,Alexis Hansen,alexis.hansen@gmail.com,7462031518,Baltimore,2023-06-24
784,Andrew Martinez,wilsonwilliam@example.net,,Phoen,2022-11-05
785,jennifer mason,jennifer50@example.org,511-250-1565,,2022-09-27
786,Glenn Marshall,glenn@moore.com,(712) 257-4616,Virginia Beach,2024-09-21
787,dean miller,DEAN.MILLER@YAHOO.COM,(539) 233-5666,Delgadoborough,2024-07-24
788,Kathleen Armstrong,kathleen_armstrong@hotmail.com,,Los Angeles,2024-02-19
789,Wesley Long,wesley@shaffer-singleton.net,1-659-244-3919,Washington,2024-12-15
790,aeather West,laura20@wosborne@example.net,3879538196,Fresno,2023-11-19
791,KATHRYN BUTLER,kathryn@carter.com,(647) 569-7399,Milwaukee,2024-10-20
792,ERICA THOMAS,kbruce@yahoo.com,8635515731,Memphis,2024-08-06
793,William Martin,wmartin@hotmail.com,(659) 203-8433,Detroit,2023-09-19
794,robert miller,rmiller@yahoo.com,(759) 965-1629,Nashville,2024-10-04
795,Brandon Palmer,brandon@fritz-miller.org,(446) 813-9851,Indianapolis,2024-08-10
796,Victoria Smith,victoria5@robbinssean@example.net,1-612-989-4646,Colorado Springs,2024-06-16
797,Casey Rodriguez,casey.rodriguez@gmail.com,870-741-9804,Boston,2024-04-12
798,Brandy Edwards,brandy.edwards,1-202-654-2217,Boston,2023-12-21
799,Brandon Stevenson,BRANDON.STEVENSON@GMAIL.COM,810-715-2149,Fort Worth,2023-01-27
800,sean williamson,swilliamson@gmail.com,4929375636,Denver,2022-10-12
801,charlotte long,charlotte_long21@yahoo.com,280-490-1779,Chicago,2022-08-09
802,Mark Fisher,mfisher@gmail.com,(704) 740-7602,PW,2024-02-15
803,ALBERT ANDERSON,albert@lopez-lewis.net,1-898-275-3416,Colorado Springs,2022-08-29
804,Mark Bradley,mark38@karen55@example.com,(841) 471-1526,San Jose,2024-02-26
805,JOSEPH STEWART,joseph@wright.com,8353826770,Tulsa,2022-08-03
806,Zachary Medina,zachary28@kristywhite@example.net,6195094973,Atlanta,2022-07-13
807,LINDSEY MARTINEZ,LINDSEY.MARTINEZ@GMAIL.COM,(201) 275-7053,El Paso,2022-09-08
808,Tara Adams,tadams@gmail.com,1-892-826-5308,Sacramento,2023-09-22
809,Maria Roberts,maria@soto-hartman.com,736-992-1251,Tucson,2025-02-01
810,LINDA BAILEY,linda84@gayphilip@example.com,1-202-837-2330,Tampa,2023-08-11
811,Bobby Hines,bobby_hines50@yahoo.com,(577) 915-7965,San Diego,2024-01-02
812,SPENCER OLIVER,soliver@hotmail.com,N/A,El Paso,2024-11-03
813,Wendy Johnson,wendy@ortiz.com,1-286-491-6135,Philadelphia,2025-01-31
814,MEGAN COBB,MEGAN.COBB@GMAIL.COM,N/A,Oakland,2024-07-27
815,Julie Shelton,julie.shelton@gmail.com,1-796-344-2201,Albuquerque,2022-05-19
816,KRISTIN WILLIAMS,kristin.williams,(982) 944-7449,Jacksonville,2025-01-31
817,Anthony Santos,anthony.santos@hotmail.com,(412) 973-4547,Fort Worth,2024-08-03
818,Stephanie Velez,shannon@morris-hernandez.com,8547961646,New York,2023-05-15
819,patricia robinson,probinson@yahoo.com,8645486764,Arlington,2025-05-14
820,john irwin,cookkimberly@example.com,(422) 456-7151,,2023-11-19
821,Kayla Reynolds,kayla5@hhansen@example.net,(915) 420-7747,Tulsa,2023-08-18
822,PAUL MORALES,sandra08@example.com,193-319-7805,,2023-05-17
823,Marie Massey,marie.massey,(793) 388-7078,Charlotte,2023-10-08
824,BRIANNA SMITH,bsmith@gmail.com,6644389160,Sacramento,2022-06-04
825,Jeremy Perez,jeremy_perez@yahoo.com,064-698-2415,Virginia Beach,2024-08-09
826,Laura Santiago,vhanna@example.org,(275) 389-8998,Miami,2024-06-30
827,Raymond Gardner,raymond3@vvega@example.com,055-239-0950,Denver,2023-12-07
828,Tyrone Reed,tyrone_reed13@yahoo.com,1-516-350-4708,San Diego,2024-04-22
829,MARIA NICHOLSON,MARIA.NICHOLSON@GMAIL.COM,N/A,New Jade,2022-10-19
830,Christopher Holt,christopher@guerrero.net,1-538-336-3002,San Francisco,2023-03-15
831,LAUREN JACKSON,lauren.jackson@gmail.com,7485858498,,2024-07-18
832,Sarah Newton,SARAH.NEWTON@YAHOO.COM,(670) 507-2569,Atlanta,2024-07-04
833,Kelly Conner,KELLY.CONNER@GMAIL.COM,682-924-9740,Colorado Springs,2023-07-09
834,Alexandra Allison,alexandra@price.com,1-763-299-4384,San Francisco,2024-08-12
835,Ashley Savage,ASHLEY.SAVAGE@GMAIL.COM,,Arlington,2024-06-26
836,Sarah Miller,sarah_miller@gmail.com,1-979-837-5219,Tampa,2022-10-08
837,Paul Pierce,paul.pierce,1-493-706-6243,Baltimore,2024-06-07
838,carl santos,carl.santos@gmail.com,(850) 927-5462,Colorado Springs,2023-09-11
839,Jennifer Wells,jennifer_wells@gmail.com,(282) 225-6932,San Antonio,2023-05-18
840,TARA COLEMAN,tara15@fallen@example.net,,Columbus,2022-08-03
841,Randall Carter,caitlynlam@example.com,1-233-503-2877,Raleigh,2023-02-09
842,Kimberly Robertson,kimberly@molina.com,256-435-3731,Philadelphia,2024-03-15
843,Drew Preston,drew@petty.com,5629774871,Mesa,2023-10-09
844,Javier Lewis,javier_lewis@gmail.com,(303) 220-9057,Albuquerque,2023-08-21
845,Penny Graves,penny21@eking@example.com,097-380-0949,Baltimore,2024-01-15
846,Susan Bradley,susan.bradley@yahoo.com,455-655-4793,Charlotte,2023-08-11
847,CRYSTAL WILLIAMS,cwilliams@hotmail.com,,Philadelphia,2024-03-11
848,ALBERT DUKE,albert@gaines-carter.info,(726) 455-6990,Denver,2025-01-06
849,Wendy Reed,WENDY.REED@YAHOO.COM,,Indianapolis,2023-04-17
850,ROBERT ARMSTRONG,ROBERT.ARMSTRONG@GMAIL.COM,(295) 622-3020,Charlotte,2023-03-20
851,jasmine day,jasmine@pearson-morton.biz,1-509-323-2450,PR,2023-09-01
852,DANIELLE LONG,danielle@parsons-williams.com,(960) 576-8624,Memp,2023-07-22
853,Hailey Chambers,hailey@randall.net,475-624-1301,Tulsa,2022-07-17
854,Tiffany Wallace,not_an_email,5638099679,Portland,2024-07-04
855,Tanya Herring,tanya_herring@yahoo.com,N/A,Omaha,2023-04-28
856,Julie Chen,julie73@ibrooks@example.net,1-824-953-4620,,2023-02-07
857,Brian Collins,bcollins@yahoo.com,9549901748,Charlotte,2024-07-04
858,SHANE ROMAN,shane@blake-patel.com,N/A,DC,2024-09-19
859,Kevin Patel,kevin_patel@gmail.com,734-103-9932,New York,2024-06-05
860,Don Wright,DON.WRIGHT@HOTMAIL.COM,5349725881,Charlotte,2024-04-29
861,Crystal Ryan,crystal_ryan15@hotmail.com,232-756-6523,Milwaukee,2022-10-18
862,carrie bond,cbond@yahoo.com,1-466-746-2493,Atlanta,2022-12-23
863,RICHARD NEWTON,petersonveronica@example.org,(742) 942-8763,Albuquerque,2023-07-25
864,Michael Medina,michael45@kimberly99@example.com,(439) 496-7096,Portland,2022-09-10
865,Heather Leach,heather67@kayla97@example.com,1-653-653-3321,Las Vegas,2024-04-15
866,Robert Taylor,robert@kemp.com,139-071-7780,Jacksonville,2023-02-26
867,Donna Ford,donna.ford@hotmail.com,6493977382,Austin,2025-03-10
868,barbara owens,barbara_owens40@hotmail.com,7265324728,,2024-12-01
869,Stephanie Mcmillan,smcmillan@hotmail.com,9073385020,Detroit,2025-01-16
870,Mark Olson MD,mark_md@hotmail.com,(312) 569-4910,Mesa,2024-08-13
871,Ariel Ford,ariel.ford@yahoo.com,9602685111,Nashville,2024-05-02
872,Rachel Guerra,rachel.guerra@gmail.com,141-990-3649,Las Vegas,2023-06-24
873,Mark Moreno,mark.moreno@yahoo.com,(920) 447-8359,Denver,2024-06-28
874,Mathew Johnson,mathew_johnson@hotmail.com,1-701-737-4140,Washington,2023-04-25
875,eric mathews,eric@howell-anthony.com,(780) 290-7594,Austin,2025-01-02
876,MICHAELA CASTANEDA,jonesmichele@example.org,021-913-6474,Las Vegas,2024-02-29
877,ANGELA SMITH,not_an_email,1-413-260-1432,,2023-03-15
878,Ashley Edwards,matthewblair@example.net,(396) 259-1393,Houston,2023-12-10
879,JULIE MORGAN,julie@smith.com,429-610-6157,Charlotte,2024-07-26
880,Jeanette Tucker,jeanette98@coltonprice@example.com,(607) 757-3387,Virginia Beach,2022-06-06
881,Rebecca Hardy,REBECCA.HARDY@GMAIL.COM,(541) 507-5366,PR,2024-05-09
882,Monique White,mwhite@hotmail.com,1-878-519-1469,Houston,2022-05-31
883,Jeremy Arroyo,nancy_salas22@gmail.com,(910) 917-5097,Omaha,2022-09-02
884,Bethany Miranda,bmiranda@gmail.com,(499) 255-4711,Mesa,2023-04-13
885,Kristine Combs,kcombs@gmail.com,846-123-7986,Charlotte,2024-07-31
886,donna roberts,donna32@phunter@example.com,(785) 629-5680,,2023-02-23
887,Jason Donovan,zbradshaw@example.org,026-310-7812,Houston,2022-05-28
888,Diana Bolton,diana.bolton@yahoo.com,1-720-886-2022,San Diego,2023-09-10
889,Angela Campbell,angela63@andersonheather@example.org,(803) 810-8467,Indianapolis,2025-03-23
890,Robert Kim,llewis@example.com,1-625-848-6700,Phoenix,2024-09-01
891,Sean Harris,adamtran@example.net,1-269-813-5137,Colorado Springs,2024-04-01
892,Tracy Friedman,chad01@example.org,6568052374,Fresno,2022-09-14
893,Kimberly Marquez,KIMBERLY.MARQUEZ@GMAIL.COM,456-859-4766,Philadelphia,2022-12-25
894,C. Wallace,CHRISTY.NOLAN@HOTMAIL.COM,3697888355,San Jose,2023-08-23
895,Belinda Erickson,belinda_erickson@yahoo.com,168-785-3402,Kansas City,2025-04-08
896,Steven Stevens,steven@coleman.com,(809) 200-8947,Las Vegas,2023-08-09
897,Brenda Harmon,brenda_harmon22@gmail.com,1-798-411-8711,Seattle,2024-08-03
898,Travis Mcgee,travis74@wmoss@example.org,,,2023-04-04
899,KATHRYN STEVENS,kstevens@gmail.com,7563331076,Tulsa,2024-09-20
900,Catherine Johnson,CATHERINE.JOHNSON@YAHOO.COM,(697) 320-4216,Nashville,2024-02-01
901,Jacob Hall,jacob.hall@yahoo.com,N/A,Phoenix,2024-12-09
902,Paula Taylor,taylor70@example.com,4339994462,Nashvi,2023-01-04
903,Gerald Wang,davidorozco@example.com,,Boston,2022-06-29
904,Jacob Sparks,jacob@brown.com,1-832-481-6710,Seattle,2022-08-01
905,Jared Mullen,jared.mullen@yahoo.com,1-266-753-8656,,2025-03-02
906,Jacqueline Daniel,jacqueline_daniel@gmail.com,555-877-0696,Indianapolis,2023-01-27
907,Michael Carpenter,michael_carpenter29@hotmail.com,N/A,Denver,2025-03-17
908,Claire Carney,claire@sharp.net,1-641-736-8813,Baltimore,2023-02-17
909,samantha delgado,samantha_delgado@hotmail.com,(681) 734-8830,Los Angeles,2024-01-04
910,Patrick Wilson,patrick97@robert38@example.com,1-603-260-1376,San Antonio,2023-01-12
911,Matthew Kaufman,matthew.kaufman,174-474-2289,FL,2023-02-20
912,Cory Sosa,csosa@yahoo.com,8006127847,,2024-11-02
913,Andrew Cruz,andrew@martin-chen.biz,411-593-9234,San Antonio,2025-04-25
914,alexander perry,alexander59@tamiclark@example.net,167-324-8938,Mesa,2024-12-17
915,katherine fields,KATHERINE.FIELDS@HOTMAIL.COM,2285856948,Chicago,2024-01-09
916,Angela Green,angela10@johnmacias@example.net,(959) 728-3438,Omaha,2023-09-06
917,Megan Johnson,bsmith@gmail.com,7377024886,Mesa,2024-12-19
918,mason edwards,mason@allen.com,1-750-716-7757,CT,2024-04-05
919,Gabriella Oconnell,gabriella.oconnell@gmail.com,3735471431,Atlanta,2022-08-10
920,Michael Davis,not_an_email,432-483-3222,Virginia Beach,2023-07-18
921,Cody Gutierrez DDS,wrightpatrick@example.net,(925) 929-6238,Omaha,2024-02-21
922,Zachary Carrillo III,zachary@parker-reed.com,1-330-538-5809,Tampa,2024-04-15
923,Sandra Robinson,SANDRA.ROBINSON@YAHOO.COM,1-766-229-9360,Albuquerque,2023-06-21
924,Melissa Contreras,melissa_contreras5@yahoo.com,,San Jose,2023-12-13
925,Tiffany Perkins,tiffany_perkins@hotmail.com,1-846-325-6536,Austin,2022-10-30
926,James Coleman,james@smith.com,,Louisville,2022-12-28
927,Trevor Sandoval,vdavis@example.com,1-229-749-8512,Dallas,2024-07-03
928,CHRISTOPHER BAKER,christopher@nunez-cuevas.net,194-211-1700,Charlotte,2024-10-17
929,Alicia Green,alicia23@kmoon@example.org,030-496-4577,Seattle,2023-03-14
930,William Morgan,william_morgan50@yahoo.com,553-679-8700,Long Beach,2023-05-13
931,Amanda Mcdonald,amcdonald@yahoo.com,433-862-8185,Oklahoma City,2023-12-31
932,Christine Martinez,CHRISTINE.MARTINEZ@GMAIL.COM,588-762-3995,Miami,2023-08-28
933,Jennifer Walker,jwalker@gmail.com,7993626553,Columbus,2025-01-14
934,Isabel Liu,isabel81@millercarlos@example.org,761-642-7470,Virginia Beach,2023-05-17
935,Sharon Peters,speters@yahoo.com,1-571-807-6424,Tulsa,2022-06-03
936,Christina Bentley,christina.bentley,026-268-0634,Sacramento,2024-09-17
937,timothy young,TIMOTHY.YOUNG@HOTMAIL.COM,108-368-6838,Mesa,2022-06-05
938,Joseph Bolton,joseph.bolton@hotmail.com,8419301792,Albuquerque,2023-06-21
939,Barbara Wilson,BARBARA.WILSON@HOTMAIL.COM,(933) 674-7023,Denver,2025-05-06
940,S. Williams,brenda@morales-smith.com,(448) 652-7405,Memphis,2024-08-04
941,christopher vaughn,karensantiago@example.net,6619222525,Mesa,2022-09-24
942,Deborah Hughes,deborah_hughes@gmail.com,808-022-0677,Tucson,2023-10-27
943,Benjamin Hamilton,benjamin@wood.com,,Indianapolis,2025-01-15
944,Brandy Tapia,brandy53@sanderslaurie@example.net,1-986-341-8535,East Amandaside,2024-08-11
945,William Stokes,william.stokes@hotmail.com,164-600-9036,Charlotte,2024-08-20
946,Suzanne Martin,danielle92@blackrichard@example.com,(837) 214-6733,Las Vegas,2023-09-28
947,Kyhe Mosley,derek@mercado.com,1-341-558-7533,Portland,2022-08-30
948,Cameron Robertson,CAMERON.ROBERTSON@HOTMAIL.COM,,Austin,2024-09-24
949,diana saunders,diana_saunders@hotmail.com,(208) 790-6818,Charlotte,2022-06-29
950,Richard Moreno,richard55@barnesmichael@example.com,N/A,Baltimore,2023-08-12
951,MATTHEW TORRES,matthew.torres@hotmail.com,1-903-463-1831,New Orleans,2022-10-14
952,Marie Smith,marie_smith@yahoo.com,(387) 547-2240,Baltimore,2025-03-18
953,erica diaz,ediaz@hotmail.com,526-212-0113,Minneapolis,2025-03-07
954,BRIANNA DUNN,deanna@garcia.biz,7073937817,Fort Worth,2024-08-31
955,megan kennedy,MEGAN.KENNEDY@GMAIL.COM,4038615269,Fresno,2025-05-09
956,Susan Oconnor,susan.oconnor@gmail.com,N/A,Seattle,2022-08-29
957,Jacob Larson,jlarson@hotmail.com,430-864-8314,San Francisco,2022-09-24
958,Theresa Torres,theresa.torres@hotmail.com,(262) 385-3988,New York,2022-09-08
959,Justin Ross,justin@spencer.com,(283) 227-7293,Albuquerque,2024-02-05
960,Courtney Hicks,not_an_email,1-515-807-9368,Long Beach,2023-08-22
961,Austin Stephens,austin.stephens,(657) 845-7959,Phoenix,2024-04-24
962,Rachel Mcpherson,rachel@irwin.com,4295717406,Long Beach,2025-05-15
963,Antonio Shields,stephensjoshua@example.com,1-302-891-3501,Austin,2022-07-08
964,Riley Brown,james56@example.com,(886) 584-1751,Fort Worth,2025-02-22
965,Eugene Hines,eugene.hines@yahoo.com,858-319-2109,Austin,2023-02-11
966,ISABELLA FITZGERALD,isabella58@brandonmiller@example.org,2016203160,Atlanta,2024-01-28
967,William Saunders,wendy@ortiz.com,1-218-614-6336,Indianapolis,2023-06-28
968,Ronald Cantu,ronald_cantu41@gmail.com,217-351-3899,Houston,2024-04-04
969,Cassidy Hicks,CASSIDY.HICKS@HOTMAIL.COM,(885) 471-7740,Fresno,2024-01-02
970,Danielle Mercer,danielle_mercer41@yahoo.com,,Charlotte,2023-08-10
971,Alexandra Gonzalez,alexandra.gonzalez@hotmail.com,(674) 984-4637,Omaha,2024-04-09
972,Tonya Little,tonya@bernard-schmitt.org,314-065-2716,Columbus,2023-06-04
973,Matthew Davis,matthew_davis@gmail.com,501-549-0269,Colorado Springs,2023-09-17
974,Joan Brown,nicolejackson@example.net,(744) 280-3193,Oklahoma City,2024-06-06
975,Anthony Burton,ANTHONY.BURTON@YAHOO.COM,(244) 696-3715,Washington,2024-01-07
976,Cathy Howard,cathy13@stephanie35@example.org,,San Diego,2023-04-09
977,Mr. Jerry Mcgee,mr._mcgee20@hotmail.com,1-358-404-5083,Louisville,2023-08-17
978,Brenda Hanna,brenda_hanna11@gmail.com,(322) 757-6390,PA,2023-08-25
979,Dr. Margaret Sanchez,dr.72@burnettshannon@example.net,3458461192,Detroit,2024-04-23
980,Robert Johnson,robert_johnson@hotmail.com,909-497-1795,Portland,2024-08-15
981,S. Hall,srivera@hotmail.com,887-691-1624,Kansas City,2025-04-20
982,Kelly Jackson,kjackson@yahoo.com,3014108087,Milwa,2024-12-15
983,Debra Flores,kevin.daniel,,Oklahoma City,2025-05-02
984,MICHAEL BENNETT,michael.bennett@gmail.com,216-574-2385,Phoenix,2023-11-11
985,Laura Lopez,kristine17@example.com,3946164674,Indianapolis,2022-11-19
986,Eric Haley,eric41@terri48@example.net,394-535-3294,Long Beach,2024-04-02
987,Noah Smith,noah_smith17@yahoo.com,,Kansas City,2023-11-15
988,Erika Nguyen,erika65@gregoryshort@example.org,1-396-272-5439,Jacksonville,2024-12-12
989,Patricia Beard,patricia50@lowekevin@example.com,1-748-352-6268,Fresno,2024-02-07
990,Kayla Parrish,kayla_parrish5@hotmail.com,1-952-586-7579,Mesa,2024-07-28
991,Michael Lam MD,kyleboyd@example.net,5928758692,PR,2023-09-01
992,DUSTIN FOLEY,dfoley@yahoo.com,1-571-719-2990,Indianapolis,2023-06-21
993,Brian Simon,bsimon@gmail.com,028-103-0070,Detroit,2023-04-24
994,James Bennett,james@robinson.com,1-205-366-6234,El Paso,2024-06-28
995,Michael Sullivan,michael.sullivan,3099664588,Omaha,2023-07-06
996,DAVID GARDNER,david.gardner@yahoo.com,N/A,Sacramento,2022-10-28
997,Cynthia Riddle,criddle@yahoo.com,311-773-0482,MD,2024-01-15
998,Diana Hawkins,diana_hawkins@hotmail.com,458-979-6480,San Diego,2023-01-06
999,Brian Cuevas,BRIAN.CUEVAS@GMAIL.COM,,Memphis,2023-03-31
1000,Tyler Carroll,suzanne.woods@hotmail.com,306-627-8518,Louisville,2023-03-12
1001,Mr. Joshua Huber,thurley@example.com,(624) 595-4161,Oklahoma City,2024-05-03
1002,Steven Oconnor,linda53@example.com,,Fresno,2023-06-30
1003,Jennifer Chase,jchase@yahoo.com,458-824-9564,KY,2024-09-22
1004,RICHARD TURNER,tyler07@example.com,227-768-4076,Long Beach,2024-04-08
1005,Shaun Fernandez,shaun_fernandez15@hotmail.com,809-618-6878,Dallas,2024-11-19
1006,Allison Reed,allison@middleton.org,2403627559,New Orleans,2025-03-31
1007,Preston Miller,preston_miller18@hotmail.com,972-705-9881,Boston,2023-05-01
1008,Jeffery Duran,jeffery.duran@yahoo.com,1-799-731-6168,Columbus,2024-10-27
1009,Deborah Robinson,DEBORAH.ROBINSON@HOTMAIL.COM,(751) 379-9678,Tampa,2023-04-07
1010,Michael Rodriguez,michael70@ronald82@example.net,N/A,Philadelphia,2025-04-16
1011,Amanda Medina,amanda_medina@hotmail.com,N/A,Memphis,2024-03-12
1012,Brenda Morton,brenda@miller.com,022-181-5421,Washington,2023-06-15
1013,Todd Mcknight,todd@aguilar-jones.biz,(889) 453-9335,Louisville,2023-09-13
1014,Dawn Keller,dking@example.com,1-759-768-4537,New Orleans,2025-01-20
1015,JESSICA HERNANDEZ,jessica.hernandez@gmail.com,(363) 317-7682,Denver,2023-06-22
1016,jeffrey kirk jr.,jeffrey_jr.@gmail.com,3548481425,Tucson,2023-03-24
1017,Angela Ramirez,angela_ramirez@gmail.com,9685067815,Mesa,2024-06-20
1018,Sarah Howard,SARAH.HOWARD@YAHOO.COM,(953) 901-9556,Houston,2022-06-29
1019,Chelsea Oliver,chelsea_oliver27@hotmail.com,609-803-4247,Baltimore,2023-02-13
1020,Jacob Williams,jacob_williams@hotmail.com,832-165-0467,Richardsonmouth,2024-10-03
1021,MELISSA ALLEN,MELISSA.ALLEN@GMAIL.COM,(657) 932-8217,Omaha,2023-04-21
1022,Matthew Miller,MATTHEW.MILLER@YAHOO.COM,341-529-0329,Kansas City,2024-09-04
1023,ALEXIS GRAVES,alexis.graves@hotmail.com,1-967-342-8431,Mesa,2024-03-11
1024,Douglas Cox,dcox@gmail.com,1-535-705-7290,Minneapolis,2022-09-04
1025,Duane Scott,duane@roberts-hartman.org,621-438-7934,,2022-07-16
1026,James Russell,JAMES.RUSSELL@HOTMAIL.COM,2476865566,Seattle,2022-10-23
1027,Deborah Reed,stacy46@example.com,(992) 338-8372,Louisville,2025-02-18
1028,Jennifer Ortiz,jennifer.ortiz@hotmail.com,7526473235,Dallas,2022-06-05
1029,Laurie Lindsey,LAURIE.LINDSEY@YAHOO.COM,2903723055,Lake Joshuaborough,2025-02-05
1030,Timothy Stein,lisawalters@example.net,3775659572,Baltimore,2022-11-14
1031,david humphrey,david@wilson-rodriguez.com,(478) 833-7720,Albuquerque,2024-07-06
1032,Kelly Liu,kelly@chen.org,1-566-910-8240,Long Beach,2025-03-22
1033,Angela Tucker,not_an_email,N/A,Jacksonville,2024-11-09
1034,Charles Brown,CHARLES.BROWN@HOTMAIL.COM,995-116-4365,FM,2023-03-10
1035,brian johnson,brian.johnson@hotmail.com,1-729-946-5967,San Jose,2025-03-03
1036,Gabriela Malone,gabriela87@tammy49@example.net,8624437114,San Antonio,2025-05-16
1037,Thomas Morris,michael65@perezjasmine@example.com,091-246-5127,Jacksonville,2024-06-03
1038,Donald Gordon,donald_gordon@gmail.com,1-320-873-9155,Austin,2025-04-22
1039,Kathleen Clark,kathleen_clark15@hotmail.com,(790) 995-9045,KY,2023-01-12
1040,Brandon Simmons,brandon@esparza-thomas.info,(251) 550-1158,Phoenix,2023-04-10
1041,Ronald Bowman,ronald17@kfritz@example.net,378-973-8254,Memphis,2024-02-14
1042,JESSICA WILLIAMS,JESSICA.WILLIAMS@YAHOO.COM,796-191-4224,Fort Worth,2024-06-20
1043,Mark Walker,kenneth.morrison@gmail.com,7102683522,Omaha,2024-05-30
1044,Steven Williams,STEVEN.WILLIAMS@HOTMAIL.COM,1-587-442-9363,San Francisco,2023-09-17
1045,James Ortega,not_an_email,1-368-405-9849,Minneapolis,2023-04-20
1046,Kristin Brown,kristin_brown@hotmail.com,,Arlington,2022-06-16
1047,sarah baker,sarah.baker@yahoo.com,(608) 835-6157,Chicago,2022-11-07
1048,Christina Taylor,christina_taylor11@hotmail.com,838-424-0577,Lake Mitchell,2024-03-08
1049,Kenneth Avila,kenneth@hopkins.info,N/A,Seattle,2023-02-17
1050,Nancy Young,nancy.young@yahoo.com,(465) 299-3938,Phoenix,2022-10-27
1051,Andrea Freeman,angelasmith@example.org,565-508-2866,Mesa,2023-06-26
1052,Jessica Krueger,jessica.krueger@yahoo.com,872-772-0956,Las Vegas,2022-06-10
1053,Larry Stewart,larry28@jeffreywatkins@example.net,1-397-654-7748,Nashville,2022-10-01
1054,Adam Lopez,adam87@cassandra02@example.net,1-798-363-8284,Arlington,2023-05-04
1055,Jill Davis,jill@king-may.com,N/A,Tulsa,2024-01-20
1056,larry arias,xmartin@example.com,4244586295,Albuquerque,2023-04-01
1057,Mrs. Mary Taylor,MRS..TAYLOR@YAHOO.COM,N/A,El Paso,2022-11-30
1058,stephen simon,ssimon@gmail.com,6625923660,Atlanta,2025-03-29
1059,Jordan Johnson,jjohnson@yahoo.com,(345) 488-4574,Fort Worth,2024-06-04
1060,Carl Campbell,carl.campbell,8438551291,Long Beach,2025-02-26
1061,Ryan Diaz,ryan@hodge-lopez.info,(467) 986-2255,Detroit,2024-07-22
1062,Matthew Cook,matthew5@hwoodard@example.net,8114888344,Omaha,2024-07-03
1063,Mr. Kevin Perez,not_an_email,4653659926,Miami,2023-11-21
1064,Laura Sanford,dodsonemily@example.org,1-665-223-2868,San Francisco,2022-10-30
1065,Samantha Day,SAMANTHA.DAY@YAHOO.COM,4984349796,Arlington,2023-11-15
1066,Matthew Barker,ronald17@kfritz@example.net,759-103-6095,Daleberg,2024-07-02
1067,Elizabeth Jones,elizabeth25@bbrown@example.com,118-508-7089,New York,2024-12-15
1068,Brent Baldwin,brent.baldwin@gmail.com,3747353430,Albuquerque,2023-12-10
1069,Denise Torres,denise85@mcarter@example.org,654-806-9929,Minneapolis,2023-10-10
1070,Kristine Ponce,kristine@martinez.org,8995593329,Kansas City,2023-11-11
1071,Veronica Chang,veronica_chang38@gmail.com,1-698-633-2890,Atlanta,2024-08-26
1072,Michael Williams,michael50@john88@example.net,873-999-1391,Milwaukee,2023-02-06
1073,Janice Pena,zacharylopez@example.org,(523) 837-1881,Chicago,2023-09-30
1074,Jessica Smith,jennifer50@example.org,N/A,Atlanta,2023-07-24
1075,Scott Mora,scott_mora@gmail.com,1-507-606-4282,San Francisco,2022-06-29
1076,KEVIN MOODY,kevin.moody,339-537-3644,San Jose,2024-09-28
1077,Michael Mora,michael45@lperkins@example.org,(268) 850-1374,Fresno,2023-07-21
1078,Brittney Carroll,BRITTNEY.CARROLL@GMAIL.COM,(624) 846-7446,Atlanta,2023-06-11
1079,Patricia Santiago,patricia_santiago@gmail.com,1-771-370-4176,Los Angeles,2022-08-16
1080,Austin Stanley,austin_stanley@yahoo.com,(396) 534-2904,Kansas City,2022-08-11
1081,Joseph Harrison,JOSEPH.HARRISON@HOTMAIL.COM,372-417-6513,Tucson,2024-04-27
1082,Krista Ramirez,krista@sloan-lynch.com,477-765-0968,Oakland,2023-02-07
1083,Christopher King,christopher.king@hotmail.com,8713964800,Portland,2022-06-16
1084,ronald martin,ronald.martin,769-194-3011,Memphis,2024-11-15
1085,Michael Larson,michael34@tara70@example.com,5822573541,Nashville,2024-08-31
1086,jimmy hughes,jhughes@gmail.com,(298) 929-6684,Baltimore,2023-10-26
1087,Robert Holt,ROBERT.HOLT@HOTMAIL.COM,3637052869,Memphis,2024-04-06
1088,Patricia Diaz,patricia_diaz@hotmail.com,1-490-787-7016,,2024-08-01
1089,Shawn Baxter,shawn@davis-lewis.com,5612693191,Sacramento,2022-11-28
1090,DESTINY JOHNSON,joseph@wright.com,6858718873,Milwaukee,2023-04-14
1091,Ryan Stephens,ryan18@jensenmeghan@example.net,406-700-8117,Jacksonville,2023-04-05
1092,Pamela Fletcher,pfletcher@gmail.com,741-722-2629,East Ashley,2024-07-30
1093,James Perez,JAMES.PEREZ@YAHOO.COM,1-699-978-3087,Virginia Beach,2023-07-02
1094,Jordan Hall,JORDAN.HALL@HOTMAIL.COM,4068442895,Charlotte,2025-04-20
1095,John Bradley,john32@wmay@example.net,8964112907,Portland,2022-11-10
1096,WHITNEY THOMPSON,wthompson@gmail.com,535-283-6398,Columbus,2023-11-07
1097,Brian Garcia,kaitlynsimmons@example.net,875-091-1923,Albu,2023-05-08
1098,Jason Lester,not_an_email,8387167003,Fort Worth,2024-08-02
1099,Richard Faulkner,richard_faulkner47@gmail.com,910-511-1327,Portland,2023-08-02
1100,Zachery Warren,wcalderon@yahoo.com,7198091287,Colorado Springs,2023-01-30
1101,Sarah Peterson,sarah44@david47@example.org,,Detroit,2023-04-30
1102,John Smith,john_smith5@gmail.com,069-884-5448,San Antonio,2023-02-27
1103,Miss Elizabeth Johnson PhD,miss.phd@yahoo.com,,Atlanta,2023-05-16
1104,Lauren Mason,lauren_mason12@yahoo.com,9129191485,San Antonio,2024-11-26
1105,Linda Howell,linda_howell45@hotmail.com,(538) 420-8903,Minneapolis,2025-02-22
1106,David Bartlett,DAVID.BARTLETT@GMAIL.COM,1-219-833-2608,Jacksonville,2025-04-18
1107,Javier Russo,bjohnson@example.com,180-185-7615,Seattle,2025-02-22
1108,Stephanie Church,stephanie.church@hotmail.com,8182303548,Kansas City,2022-10-02
1109,Angela Owens,angela@miller-martin.info,9832125310,New York,2024-06-06
1110,mrs. monica wright md,mmd@hotmail.com,4558709527,Seattle,2025-03-06
1111,J. Pruitt,alexandra.gonzalez@hotmail.com,540-460-9784,Arlington,2022-09-29
1112,laura porter,laura.porter@gmail.com,3376542886,Chicago,2024-07-04
1113,Kevin Johnson,danielle92@blackrichard@example.com,(337) 345-7841,Fresno,2023-09-29
1114,Eric Edwards,eric25@paulasummers@example.net,797-013-2513,Milwaukee,2024-08-20
1115,Michael Gardner,MICHAEL.GARDNER@HOTMAIL.COM,,Nashville,2024-07-17
1116,Stephen Foster,STEPHEN.FOSTER@YAHOO.COM,,Omaha,2024-02-27
1117,Michael Taylor,michael83@johnsonchristian@example.com,5038872585,Oakland,2022-09-23
1118,Jeffrey Gutierrez,jeffrey_gutierrez@gmail.com,1-358-554-4917,Los Angeles,2024-02-08
1119,Lisa Logan,lisa.logan,(846) 595-6314,Washington,2024-04-01
1120,Edward Mann,EDWARD.MANN@HOTMAIL.COM,3077051676,Kansas City,2024-12-29
1121,Mark Pace,mark43@mgrimes@example.org,,Fresno,2023-09-28
1122,Donna Thompson,donna.thompson@yahoo.com,1-317-824-9352,Philadelphia,2023-06-20
1123,Christian Larson,CHRISTIAN.LARSON@YAHOO.COM,(906) 282-4077,Virginia Beach,2022-07-25
1124,Shannon Moreno,shannon_moreno@hotmail.com,1-668-432-5195,Indianapolis,2025-04-24
1125,Angela Roberts,angela57@marco22@example.com,253-464-4059,Tulsa,2024-05-04
1126,Kristin Moore,KRISTIN.MOORE@YAHOO.COM,1-400-849-6897,Fort Worth,2024-12-08
1127,Leslie Miles,leslie@gregory-rivera.com,(882) 664-8388,Columbus,2025-04-16
1128,Crystal Hutchinson,CRYSTAL.HUTCHINSON@GMAIL.COM,1-995-737-7854,Jacksonville,2024-05-13
1129,Katherine Lee,KATHERINE.LEE@HOTMAIL.COM,1-956-888-5019,Mesa,2023-04-17
1130,Nichole Smith,nichole@myers.com,8634233502,Houston,2024-05-01
1131,Eugene Morales,eugene_morales42@gmail.com,1-462-975-9477,Chicago,2022-11-03
1132,Amy Burns,amy.burns,817-486-5748,Oklahoma City,2023-09-22
1133,BRANDON KEITH,brandon58@cookewilliam@example.org,192-427-9708,Boston,2024-05-03
1134,Hunter Davis,hunter.davis@hotmail.com,1-715-200-4562,Nashville,2024-07-11
1135,Deborah Cummings MD,matthew52@example.org,6918648340,Memphis,2023-09-07
1136,SUSAN BUSH,susan18@erica74@example.org,,Las Vegas,2024-07-19
1137,Kristy Sellers,KRISTY.SELLERS@GMAIL.COM,(224) 437-5358,Mesa,2023-02-15
1138,daniel myers,daniel.myers@gmail.com,647-007-5342,Charlotte,2022-06-26
1139,Derrick Schultz,patricia_santiago@gmail.com,4699214276,Omaha,2025-03-26
1140,JEFFERY LOGAN,not_an_email,8094844213,Portland,2024-11-04
1141,Lance Long,LANCE.LONG@YAHOO.COM,1-530-511-8105,El Paso,2022-08-02
1142,J. Duran,amy.burns,(357) 892-2095,Bellland,2022-08-06
1143,Robert Ramirez,robert.ramirez@hotmail.com,1-270-944-6136,Fort Worth,2022-07-05
1144,Glenn Luna,gluna@yahoo.com,504-542-4772,Minneapolis,2024-04-12
1145,Marcus Hancock,marcus.hancock@gmail.com,8703064317,Phoenix,2023-01-18
1146,Richard Mora,rmora@hotmail.com,(350) 476-3442,Oklahoma City,2024-07-23
1147,Paul Mason,sara_reed@hotmail.com,871-334-6563,Washington,2025-03-13
1148,Jill Kramer,jill_kramer@gmail.com,5833616378,Baltimore,2024-06-15
1149,Stephanie Mcbride,stephanie@zavala.com,(982) 383-4654,Charlotte,2024-07-03
1150,Chris Ortiz,chris.ortiz@hotmail.com,1-594-524-5328,Houston,2024-04-14
1151,Randall Mitchell,randall.mitchell@yahoo.com,(484) 521-2027,Miami,2022-08-14
1152,Monique Howell,monique_howell@yahoo.com,6286636916,Fresno,2024-06-21
1153,James Watson,jwatson@hotmail.com,017-501-3664,Colorado Springs,2022-09-08
1154,Mark Davis,mdavis@gmail.com,,Sacramento,2023-08-03
1155,Stephen Bailey,not_an_email,(520) 781-4020,Columbus,2024-06-26
1156,kathryn mitchell,kmitchell@hotmail.com,1-764-421-5402,Seattle,2024-01-10
1157,Alison Morgan,rodriguezmargaret@example.com,7567416621,San Jose,2024-01-19
1158,doris velazquez,doris.velazquez@yahoo.com,1-643-780-4886,Tampa,2025-02-06
1159,Laura Marshall,laura.marshall@yahoo.com,3765963285,San Francisco,2023-10-12
1160,Bernard Willis PhD,bernard39@nelsonduane@example.net,1-664-465-3758,Sacramento,2023-05-31
1161,damon carr,DAMON.CARR@YAHOO.COM,938-139-1681,Ral,2025-05-14
1162,Christopher Mullins,christopher_mullins3@hotmail.com,1-739-855-5173,Chicago,2023-01-08
1163,Steven Watson,steven.watson@gmail.com,6162623111,Boston,2023-03-18
1164,jose rodriguez,jose.rodriguez@hotmail.com,9602748031,Omaha,2025-02-17
1165,adrian jones,adrian89@richardspatricia@example.net,1-371-358-9392,Houston,2023-03-11
1166,Raymond Santiago,raymond.santiago,545-741-6077,Sacramento,2023-06-28
1167,Dennis Jackson,dennis47@jennifer77@example.com,1-849-250-4297,Arlington,2024-01-22
1168,Christopher Hanson Jr.,christopher@odonnell.com,309-915-1123,New York,2024-07-18
1169,Chelsea Taylor MD,chelsea_md@gmail.com,(493) 782-7361,Bost,2023-06-17
1170,John Raymond,john.raymond@gmail.com,(894) 248-1751,CO,2023-09-17
1171,Jason Tran,JASON.TRAN@GMAIL.COM,,,2025-04-12
1172,Andrew Gordon,pamela50@example.org,1-657-906-3161,Milwaukee,2022-08-01
1173,Michael Everett,meverett@yahoo.com,1-909-269-4009,Washington,2024-08-13
1174,Deborah Johnson,deborah61@mannadam@example.com,1-252-979-1382,Indianapolis,2025-02-19
1175,Tony Mcknight,TONY.MCKNIGHT@GMAIL.COM,8132876261,Colorado Springs,2023-11-09
1176,James Brown,james@sandoval-rivera.net,5675672733,Boston,2023-12-03
1177,Stephanie Bennett,stephanie40@stantonmichael@example.net,070-367-9689,Charlotte,2023-06-02
1178,Leslie Howell,leslie.howell@yahoo.com,4139487551,El Paso,2022-09-19
1179,jackie king,jackie.king@hotmail.com,406-304-6845,Mesa,2023-01-05
1180,Rachel Rhodes,RACHEL.RHODES@HOTMAIL.COM,1-793-512-2406,Washington,2022-12-03
1181,Laura Livingston,laura@green-crawford.net,684-727-8969,Minneapolis,2025-03-11
1182,Gina Pennington,murraylauren@example.net,5119243840,Oakland,2024-02-06
1183,Joshua Flores,joshua_flores@hotmail.com,4929596241,Austin,2024-03-24
1184,Jeremy Torres,jeremy7@jarednash@example.com,1-545-871-5784,Baltimore,2024-12-02
1185,amanda glass,ehardin@example.org,,Tampa,2025-02-26
1186,Rebekah Young,rebekah@arnold-allen.com,(386) 421-2645,Minneapolis,2023-01-06
1187,Holly Green,holly25@taylorjacqueline@example.org,721-391-5796,Sacramento,2024-10-28
1188,Brandon Gordon,brandon_gordon@yahoo.com,5696268952,Boston,2025-02-16
1189,James Terry,james@frye.com,N/A,Indianapolis,2023-10-29
1190,Jessica Watkins,JESSICA.WATKINS@YAHOO.COM,711-575-2464,Las Vegas,2023-03-04
1191,Dennis Taylor,dennis@clay-meyers.com,1-325-393-1692,Boston,2024-09-15
1192,Claudia Jones,CLAUDIA.JONES@HOTMAIL.COM,1-730-324-7277,,2023-01-12
1193,Anna Benson,abenson@gmail.com,9843916088,Kansas City,2023-10-09
1194,Robert Wise,robert_wise@hotmail.com,(787) 415-6080,Colorado Springs,2025-05-01
1195,Janice Chavez PhD,janice.phd,,Colorado Springs,2024-07-08
1196,Mary Smith,MARY.SMITH@HOTMAIL.COM,7316105773,Oklahoma City,2023-05-24
1197,Victoria Elliott,victoria@gutierrez.com,341-571-0522,San Diego,2023-10-12
1198,John Moore,john.moore@hotmail.com,471-795-6055,,2024-11-16
1199,Alicia Lloyd,not_an_email,,Dallas,2024-08-23
1200,Linda Bautista,linda72@davidlong@example.org,4846307454,Tampa,2023-03-03
